"","state","year","total_population"
"1","Alabama",1999,4430141
"2","Alabama",2000,4447100
"3","Alabama",2001,4467634
"4","Alabama",2002,4480089
"5","Alabama",2003,4503491
"6","Alabama",2004,4530729
"7","Alabama",2005,4569805
"8","Alabama",2006,4628981
"9","Alabama",2007,4672840
"10","Alabama",2008,4718206
"11","Alabama",2009,4757938
"12","Alabama",2010,4779736
"13","Alabama",2011,4802740
"14","Alabama",2012,4822023
"15","Alabama",2013,4833722
"16","Alabama",2014,4849377
"17","Alabama",2015,4858979
"18","Alabama",2016,4863300
"19","Alabama",2017,4874747
"20","Alabama",2018,4887871
"21","Alabama",2019,4903185
"22","Alabama",NA,98682634
"23","Alaska",1999,624779
"24","Alaska",2000,626932
"25","Alaska",2001,633714
"26","Alaska",2002,642337
"27","Alaska",2003,648414
"28","Alaska",2004,659286
"29","Alaska",2005,666946
"30","Alaska",2006,675302
"31","Alaska",2007,680300
"32","Alaska",2008,687455
"33","Alaska",2009,698895
"34","Alaska",2010,710231
"35","Alaska",2011,722718
"36","Alaska",2012,731449
"37","Alaska",2013,735132
"38","Alaska",2014,736732
"39","Alaska",2015,738432
"40","Alaska",2016,741894
"41","Alaska",2017,739795
"42","Alaska",2018,737438
"43","Alaska",2019,731545
"44","Alaska",NA,14569726
"45","Arizona",1999,5023823
"46","Arizona",2000,5130632
"47","Arizona",2001,5273477
"48","Arizona",2002,5396255
"49","Arizona",2003,5510364
"50","Arizona",2004,5652404
"51","Arizona",2005,5839077
"52","Arizona",2006,6029141
"53","Arizona",2007,6167681
"54","Arizona",2008,6280362
"55","Arizona",2009,6343154
"56","Arizona",2010,6392017
"57","Arizona",2011,6482505
"58","Arizona",2012,6553255
"59","Arizona",2013,6626624
"60","Arizona",2014,6731484
"61","Arizona",2015,6828065
"62","Arizona",2016,6931071
"63","Arizona",2017,7016270
"64","Arizona",2018,7171646
"65","Arizona",2019,7278717
"66","Arizona",NA,130658024
"67","Arkansas",1999,2651860
"68","Arkansas",2000,2673400
"69","Arkansas",2001,2691571
"70","Arkansas",2002,2705927
"71","Arkansas",2003,2724816
"72","Arkansas",2004,2749686
"73","Arkansas",2005,2781097
"74","Arkansas",2006,2821761
"75","Arkansas",2007,2848650
"76","Arkansas",2008,2874554
"77","Arkansas",2009,2896843
"78","Arkansas",2010,2915918
"79","Arkansas",2011,2937979
"80","Arkansas",2012,2949131
"81","Arkansas",2013,2959373
"82","Arkansas",2014,2966369
"83","Arkansas",2015,2978204
"84","Arkansas",2016,2988248
"85","Arkansas",2017,3004279
"86","Arkansas",2018,3013825
"87","Arkansas",2019,3017804
"88","Arkansas",NA,60151295
"89","California",1999,33499204
"90","California",2000,33871648
"91","California",2001,34479458
"92","California",2002,34871843
"93","California",2003,35253159
"94","California",2004,35574576
"95","California",2005,35827943
"96","California",2006,36021202
"97","California",2007,36250311
"98","California",2008,36604337
"99","California",2009,36961229
"100","California",2010,37253956
"101","California",2011,37691912
"102","California",2012,38041430
"103","California",2013,38332521
"104","California",2014,38802500
"105","California",2015,39144818
"106","California",2016,39250017
"107","California",2017,39536653
"108","California",2018,39557045
"109","California",2019,39512223
"110","California",NA,776337985
"111","Colorado",1999,4226018
"112","Colorado",2000,4301261
"113","Colorado",2001,4425687
"114","Colorado",2002,4490406
"115","Colorado",2003,4528732
"116","Colorado",2004,4575013
"117","Colorado",2005,4631888
"118","Colorado",2006,4720423
"119","Colorado",2007,4803868
"120","Colorado",2008,4889730
"121","Colorado",2009,4972195
"122","Colorado",2010,5029196
"123","Colorado",2011,5116796
"124","Colorado",2012,5187582
"125","Colorado",2013,5268367
"126","Colorado",2014,5355866
"127","Colorado",2015,5456574
"128","Colorado",2016,5540545
"129","Colorado",2017,5607154
"130","Colorado",2018,5695564
"131","Colorado",2019,5758736
"132","Colorado",NA,104581601
"133","Connecticut",1999,3386401
"134","Connecticut",2000,3405565
"135","Connecticut",2001,3432835
"136","Connecticut",2002,3458749
"137","Connecticut",2003,3484336
"138","Connecticut",2004,3496094
"139","Connecticut",2005,3506956
"140","Connecticut",2006,3517460
"141","Connecticut",2007,3527270
"142","Connecticut",2008,3545579
"143","Connecticut",2009,3561807
"144","Connecticut",2010,3574097
"145","Connecticut",2011,3580709
"146","Connecticut",2012,3590347
"147","Connecticut",2013,3596080
"148","Connecticut",2014,3596677
"149","Connecticut",2015,3590886
"150","Connecticut",2016,3576452
"151","Connecticut",2017,3588184
"152","Connecticut",2018,3572665
"153","Connecticut",2019,3565287
"154","Connecticut",NA,74154436
"155","Delaware",1999,774990
"156","Delaware",2000,783600
"157","Delaware",2001,795699
"158","Delaware",2002,806169
"159","Delaware",2003,818003
"160","Delaware",2004,830803
"161","Delaware",2005,845150
"162","Delaware",2006,859268
"163","Delaware",2007,871749
"164","Delaware",2008,883874
"165","Delaware",2009,891730
"166","Delaware",2010,897934
"167","Delaware",2011,907135
"168","Delaware",2012,917092
"169","Delaware",2013,925749
"170","Delaware",2014,935614
"171","Delaware",2015,945934
"172","Delaware",2016,952065
"173","Delaware",2017,961939
"174","Delaware",2018,967171
"175","Delaware",2019,973764
"176","Delaware",NA,18545432
"177","Florida",1999,15759421
"178","Florida",2000,15982378
"179","Florida",2001,16356966
"180","Florida",2002,16689370
"181","Florida",2003,17004085
"182","Florida",2004,17415318
"183","Florida",2005,17842038
"184","Florida",2006,18166990
"185","Florida",2007,18367842
"186","Florida",2008,18527305
"187","Florida",2009,18652644
"188","Florida",2010,18801310
"189","Florida",2011,19057542
"190","Florida",2012,19317568
"191","Florida",2013,19552860
"192","Florida",2014,19893297
"193","Florida",2015,20271272
"194","Florida",2016,20612439
"195","Florida",2017,20984400
"196","Florida",2018,21299325
"197","Florida",2019,21477737
"198","Florida",NA,392032107
"199","Georgia",1999,8045965
"200","Georgia",2000,8186453
"201","Georgia",2001,8377038
"202","Georgia",2002,8508256
"203","Georgia",2003,8622793
"204","Georgia",2004,8769252
"205","Georgia",2005,8925922
"206","Georgia",2006,9155813
"207","Georgia",2007,9349988
"208","Georgia",2008,9504843
"209","Georgia",2009,9620846
"210","Georgia",2010,9687653
"211","Georgia",2011,9815210
"212","Georgia",2012,9919945
"213","Georgia",2013,9992167
"214","Georgia",2014,10097343
"215","Georgia",2015,10214860
"216","Georgia",2016,10310371
"217","Georgia",2017,10429379
"218","Georgia",2018,10519475
"219","Georgia",2019,10617423
"220","Georgia",NA,198670995
"221","Hawaii",1999,1210300
"222","Hawaii",2000,1211537
"223","Hawaii",2001,1225948
"224","Hawaii",2002,1239613
"225","Hawaii",2003,1251154
"226","Hawaii",2004,1273569
"227","Hawaii",2005,1292729
"228","Hawaii",2006,1309731
"229","Hawaii",2007,1315675
"230","Hawaii",2008,1332213
"231","Hawaii",2009,1346717
"232","Hawaii",2010,1360301
"233","Hawaii",2011,1374810
"234","Hawaii",2012,1392313
"235","Hawaii",2013,1404054
"236","Hawaii",2014,1419561
"237","Hawaii",2015,1431603
"238","Hawaii",2016,1428557
"239","Hawaii",2017,1427538
"240","Hawaii",2018,1420491
"241","Hawaii",2019,1415872
"242","Hawaii",NA,28084286
"243","Idaho",1999,1275674
"244","Idaho",2000,1293953
"245","Idaho",2001,1319962
"246","Idaho",2002,1340372
"247","Idaho",2003,1363380
"248","Idaho",2004,1391802
"249","Idaho",2005,1428241
"250","Idaho",2006,1468669
"251","Idaho",2007,1505105
"252","Idaho",2008,1534320
"253","Idaho",2009,1554439
"254","Idaho",2010,1567582
"255","Idaho",2011,1584985
"256","Idaho",2012,1595728
"257","Idaho",2013,1612136
"258","Idaho",2014,1634464
"259","Idaho",2015,1654930
"260","Idaho",2016,1683140
"261","Idaho",2017,1716943
"262","Idaho",2018,1754208
"263","Idaho",2019,1787065
"264","Idaho",NA,32067098
"265","Illinois",1999,12359020
"266","Illinois",2000,12419293
"267","Illinois",2001,12488445
"268","Illinois",2002,12525556
"269","Illinois",2003,12556006
"270","Illinois",2004,12589773
"271","Illinois",2005,12609903
"272","Illinois",2006,12643955
"273","Illinois",2007,12695866
"274","Illinois",2008,12747038
"275","Illinois",2009,12796778
"276","Illinois",2010,12830632
"277","Illinois",2011,12869257
"278","Illinois",2012,12875255
"279","Illinois",2013,12882135
"280","Illinois",2014,12880580
"281","Illinois",2015,12859995
"282","Illinois",2016,12801539
"283","Illinois",2017,12802023
"284","Illinois",2018,12741080
"285","Illinois",2019,12671821
"286","Illinois",NA,266645950
"287","Indiana",1999,6044969
"288","Indiana",2000,6080485
"289","Indiana",2001,6127760
"290","Indiana",2002,6155967
"291","Indiana",2003,6196638
"292","Indiana",2004,6233007
"293","Indiana",2005,6278616
"294","Indiana",2006,6332669
"295","Indiana",2007,6379599
"296","Indiana",2008,6424806
"297","Indiana",2009,6459325
"298","Indiana",2010,6483802
"299","Indiana",2011,6516922
"300","Indiana",2012,6537334
"301","Indiana",2013,6570902
"302","Indiana",2014,6596855
"303","Indiana",2015,6619680
"304","Indiana",2016,6633053
"305","Indiana",2017,6666818
"306","Indiana",2018,6691878
"307","Indiana",2019,6732219
"308","Indiana",NA,134763304
"309","Iowa",1999,2917634
"310","Iowa",2000,2926324
"311","Iowa",2001,2931997
"312","Iowa",2002,2934234
"313","Iowa",2003,2941999
"314","Iowa",2004,2953635
"315","Iowa",2005,2964454
"316","Iowa",2006,2982644
"317","Iowa",2007,2999212
"318","Iowa",2008,3016734
"319","Iowa",2009,3032870
"320","Iowa",2010,3046355
"321","Iowa",2011,3062309
"322","Iowa",2012,3074186
"323","Iowa",2013,3090416
"324","Iowa",2014,3107126
"325","Iowa",2015,3123899
"326","Iowa",2016,3134693
"327","Iowa",2017,3145711
"328","Iowa",2018,3156145
"329","Iowa",2019,3155070
"330","Iowa",NA,63697647
"331","Kansas",1999,2678338
"332","Kansas",2000,2688418
"333","Kansas",2001,2702162
"334","Kansas",2002,2713535
"335","Kansas",2003,2723004
"336","Kansas",2004,2734373
"337","Kansas",2005,2745299
"338","Kansas",2006,2762931
"339","Kansas",2007,2783785
"340","Kansas",2008,2808076
"341","Kansas",2009,2832704
"342","Kansas",2010,2853118
"343","Kansas",2011,2871238
"344","Kansas",2012,2885905
"345","Kansas",2013,2893957
"346","Kansas",2014,2904021
"347","Kansas",2015,2911641
"348","Kansas",2016,2907289
"349","Kansas",2017,2913123
"350","Kansas",2018,2911505
"351","Kansas",2019,2913314
"352","Kansas",NA,59137736
"353","Kentucky",1999,4018053
"354","Kentucky",2000,4041769
"355","Kentucky",2001,4068132
"356","Kentucky",2002,4089875
"357","Kentucky",2003,4117170
"358","Kentucky",2004,4146101
"359","Kentucky",2005,4182742
"360","Kentucky",2006,4219239
"361","Kentucky",2007,4256672
"362","Kentucky",2008,4289878
"363","Kentucky",2009,4317074
"364","Kentucky",2010,4339367
"365","Kentucky",2011,4369356
"366","Kentucky",2012,4380415
"367","Kentucky",2013,4395295
"368","Kentucky",2014,4413457
"369","Kentucky",2015,4425092
"370","Kentucky",2016,4436974
"371","Kentucky",2017,4454189
"372","Kentucky",2018,4468402
"373","Kentucky",2019,4467673
"374","Kentucky",NA,89896925
"375","Louisiana",1999,4460811
"376","Louisiana",2000,4468976
"377","Louisiana",2001,4477875
"378","Louisiana",2002,4497267
"379","Louisiana",2003,4521042
"380","Louisiana",2004,4552238
"381","Louisiana",2005,4576628
"382","Louisiana",2006,4302665
"383","Louisiana",2007,4375581
"384","Louisiana",2008,4435586
"385","Louisiana",2009,4491648
"386","Louisiana",2010,4533372
"387","Louisiana",2011,4574836
"388","Louisiana",2012,4601893
"389","Louisiana",2013,4625470
"390","Louisiana",2014,4649676
"391","Louisiana",2015,4670724
"392","Louisiana",2016,4681666
"393","Louisiana",2017,4684333
"394","Louisiana",2018,4659978
"395","Louisiana",2019,4648794
"396","Louisiana",NA,95491059
"397","Maine",1999,1266808
"398","Maine",2000,1274923
"399","Maine",2001,1285692
"400","Maine",2002,1295960
"401","Maine",2003,1306513
"402","Maine",2004,1313688
"403","Maine",2005,1318787
"404","Maine",2006,1323619
"405","Maine",2007,1327040
"406","Maine",2008,1330509
"407","Maine",2009,1329590
"408","Maine",2010,1328361
"409","Maine",2011,1328188
"410","Maine",2012,1329192
"411","Maine",2013,1328302
"412","Maine",2014,1330089
"413","Maine",2015,1329328
"414","Maine",2016,1331479
"415","Maine",2017,1335907
"416","Maine",2018,1338404
"417","Maine",2019,1344212
"418","Maine",NA,27696591
"419","Maryland",1999,5254509
"420","Maryland",2000,5296486
"421","Maryland",2001,5374691
"422","Maryland",2002,5440389
"423","Maryland",2003,5496269
"424","Maryland",2004,5546935
"425","Maryland",2005,5592379
"426","Maryland",2006,5627367
"427","Maryland",2007,5653408
"428","Maryland",2008,5684965
"429","Maryland",2009,5730388
"430","Maryland",2010,5773552
"431","Maryland",2011,5828289
"432","Maryland",2012,5884563
"433","Maryland",2013,5928814
"434","Maryland",2014,5976407
"435","Maryland",2015,6006401
"436","Maryland",2016,6016447
"437","Maryland",2017,6052177
"438","Maryland",2018,6042718
"439","Maryland",2019,6045680
"440","Maryland",NA,120252834
"441","Massachusetts",1999,6317345
"442","Massachusetts",2000,6349097
"443","Massachusetts",2001,6397634
"444","Massachusetts",2002,6417206
"445","Massachusetts",2003,6422565
"446","Massachusetts",2004,6412281
"447","Massachusetts",2005,6403290
"448","Massachusetts",2006,6410084
"449","Massachusetts",2007,6431559
"450","Massachusetts",2008,6468967
"451","Massachusetts",2009,6517613
"452","Massachusetts",2010,6547629
"453","Massachusetts",2011,6587536
"454","Massachusetts",2012,6646144
"455","Massachusetts",2013,6692824
"456","Massachusetts",2014,6745408
"457","Massachusetts",2015,6794422
"458","Massachusetts",2016,6811779
"459","Massachusetts",2017,6859819
"460","Massachusetts",2018,6902149
"461","Massachusetts",2019,6892503
"462","Massachusetts",NA,138027854
"463","Michigan",1999,9897116
"464","Michigan",2000,9938444
"465","Michigan",2001,9991120
"466","Michigan",2002,10015710
"467","Michigan",2003,10041152
"468","Michigan",2004,10055315
"469","Michigan",2005,10051137
"470","Michigan",2006,10036081
"471","Michigan",2007,10001284
"472","Michigan",2008,9946889
"473","Michigan",2009,9901591
"474","Michigan",2010,9883640
"475","Michigan",2011,9876187
"476","Michigan",2012,9883360
"477","Michigan",2013,9895622
"478","Michigan",2014,9909877
"479","Michigan",2015,9922576
"480","Michigan",2016,9928300
"481","Michigan",2017,9962311
"482","Michigan",2018,9995915
"483","Michigan",2019,9986857
"484","Michigan",NA,209120484
"485","Minnesota",1999,4873481
"486","Minnesota",2000,4919479
"487","Minnesota",2001,4982796
"488","Minnesota",2002,5018935
"489","Minnesota",2003,5053572
"490","Minnesota",2004,5087713
"491","Minnesota",2005,5119598
"492","Minnesota",2006,5163555
"493","Minnesota",2007,5207203
"494","Minnesota",2008,5247018
"495","Minnesota",2009,5281203
"496","Minnesota",2010,5303925
"497","Minnesota",2011,5344861
"498","Minnesota",2012,5379139
"499","Minnesota",2013,5420380
"500","Minnesota",2014,5457173
"501","Minnesota",2015,5489594
"502","Minnesota",2016,5519952
"503","Minnesota",2017,5576606
"504","Minnesota",2018,5611179
"505","Minnesota",2019,5639632
"506","Minnesota",NA,110696994
"507","Mississippi",1999,2828408
"508","Mississippi",2000,2844658
"509","Mississippi",2001,2852994
"510","Mississippi",2002,2858681
"511","Mississippi",2003,2868312
"512","Mississippi",2004,2889010
"513","Mississippi",2005,2905943
"514","Mississippi",2006,2904978
"515","Mississippi",2007,2928350
"516","Mississippi",2008,2947806
"517","Mississippi",2009,2958774
"518","Mississippi",2010,2967297
"519","Mississippi",2011,2978512
"520","Mississippi",2012,2984926
"521","Mississippi",2013,2991207
"522","Mississippi",2014,2994079
"523","Mississippi",2015,2992333
"524","Mississippi",2016,2988726
"525","Mississippi",2017,2984100
"526","Mississippi",2018,2986530
"527","Mississippi",2019,2976149
"528","Mississippi",NA,61631773
"529","Missouri",1999,5561948
"530","Missouri",2000,5595211
"531","Missouri",2001,5641142
"532","Missouri",2002,5674825
"533","Missouri",2003,5709403
"534","Missouri",2004,5747741
"535","Missouri",2005,5790300
"536","Missouri",2006,5842704
"537","Missouri",2007,5887612
"538","Missouri",2008,5923916
"539","Missouri",2009,5961088
"540","Missouri",2010,5988927
"541","Missouri",2011,6010688
"542","Missouri",2012,6021988
"543","Missouri",2013,6044171
"544","Missouri",2014,6063589
"545","Missouri",2015,6083672
"546","Missouri",2016,6093000
"547","Missouri",2017,6113532
"548","Missouri",2018,6126452
"549","Missouri",2019,6137428
"550","Missouri",NA,124019337
"551","Montana",1999,897507
"552","Montana",2000,902195
"553","Montana",2001,906961
"554","Montana",2002,911667
"555","Montana",2003,919630
"556","Montana",2004,930009
"557","Montana",2005,940102
"558","Montana",2006,952692
"559","Montana",2007,964706
"560","Montana",2008,976415
"561","Montana",2009,983982
"562","Montana",2010,989415
"563","Montana",2011,998199
"564","Montana",2012,1005141
"565","Montana",2013,1015165
"566","Montana",2014,1023579
"567","Montana",2015,1032949
"568","Montana",2016,1042520
"569","Montana",2017,1050493
"570","Montana",2018,1062305
"571","Montana",2019,1068778
"572","Montana",NA,20574410
"573","Nebraska",1999,1704764
"574","Nebraska",2000,1711263
"575","Nebraska",2001,1719836
"576","Nebraska",2002,1728292
"577","Nebraska",2003,1738643
"578","Nebraska",2004,1749370
"579","Nebraska",2005,1761497
"580","Nebraska",2006,1772693
"581","Nebraska",2007,1783440
"582","Nebraska",2008,1796378
"583","Nebraska",2009,1812683
"584","Nebraska",2010,1826341
"585","Nebraska",2011,1842641
"586","Nebraska",2012,1855525
"587","Nebraska",2013,1868516
"588","Nebraska",2014,1881503
"589","Nebraska",2015,1896190
"590","Nebraska",2016,1907116
"591","Nebraska",2017,1920076
"592","Nebraska",2018,1929268
"593","Nebraska",2019,1934408
"594","Nebraska",NA,38140443
"595","Nevada",1999,1934718
"596","Nevada",2000,1998257
"597","Nevada",2001,2098399
"598","Nevada",2002,2173791
"599","Nevada",2003,2248850
"600","Nevada",2004,2346222
"601","Nevada",2005,2432143
"602","Nevada",2006,2522658
"603","Nevada",2007,2601072
"604","Nevada",2008,2653630
"605","Nevada",2009,2684665
"606","Nevada",2010,2700551
"607","Nevada",2011,2723322
"608","Nevada",2012,2758931
"609","Nevada",2013,2790136
"610","Nevada",2014,2839099
"611","Nevada",2015,2890845
"612","Nevada",2016,2940058
"613","Nevada",2017,2998039
"614","Nevada",2018,3034392
"615","Nevada",2019,3080156
"616","Nevada",NA,54449934
"617","New Hampshire",1999,1222014
"618","New Hampshire",2000,1235786
"619","New Hampshire",2001,1255517
"620","New Hampshire",2002,1269089
"621","New Hampshire",2003,1279840
"622","New Hampshire",2004,1290121
"623","New Hampshire",2005,1298492
"624","New Hampshire",2006,1308389
"625","New Hampshire",2007,1312540
"626","New Hampshire",2008,1315906
"627","New Hampshire",2009,1316102
"628","New Hampshire",2010,1316470
"629","New Hampshire",2011,1318194
"630","New Hampshire",2012,1320718
"631","New Hampshire",2013,1323459
"632","New Hampshire",2014,1326813
"633","New Hampshire",2015,1330608
"634","New Hampshire",2016,1334795
"635","New Hampshire",2017,1342795
"636","New Hampshire",2018,1356458
"637","New Hampshire",2019,1359711
"638","New Hampshire",NA,27433817
"639","New Jersey",1999,8359592
"640","New Jersey",2000,8414350
"641","New Jersey",2001,8492671
"642","New Jersey",2002,8552643
"643","New Jersey",2003,8601402
"644","New Jersey",2004,8634561
"645","New Jersey",2005,8651974
"646","New Jersey",2006,8661679
"647","New Jersey",2007,8677885
"648","New Jersey",2008,8711090
"649","New Jersey",2009,8755602
"650","New Jersey",2010,8791894
"651","New Jersey",2011,8821155
"652","New Jersey",2012,8864590
"653","New Jersey",2013,8899339
"654","New Jersey",2014,8938175
"655","New Jersey",2015,8958013
"656","New Jersey",2016,8944469
"657","New Jersey",2017,9005644
"658","New Jersey",2018,8908520
"659","New Jersey",2019,8882190
"660","New Jersey",NA,183527438
"661","New Mexico",1999,1808082
"662","New Mexico",2000,1819046
"663","New Mexico",2001,1831690
"664","New Mexico",2002,1855309
"665","New Mexico",2003,1877574
"666","New Mexico",2004,1903808
"667","New Mexico",2005,1932274
"668","New Mexico",2006,1962137
"669","New Mexico",2007,1990070
"670","New Mexico",2008,2010662
"671","New Mexico",2009,2036802
"672","New Mexico",2010,2059179
"673","New Mexico",2011,2082224
"674","New Mexico",2012,2085538
"675","New Mexico",2013,2085287
"676","New Mexico",2014,2085572
"677","New Mexico",2015,2085109
"678","New Mexico",2016,2081015
"679","New Mexico",2017,2088070
"680","New Mexico",2018,2095428
"681","New Mexico",2019,2096829
"682","New Mexico",NA,41871705
"683","New York",1999,18882725
"684","New York",2000,18976457
"685","New York",2001,19082838
"686","New York",2002,19137800
"687","New York",2003,19175939
"688","New York",2004,19171567
"689","New York",2005,19132610
"690","New York",2006,19104631
"691","New York",2007,19132335
"692","New York",2008,19212436
"693","New York",2009,19307066
"694","New York",2010,19378102
"695","New York",2011,19465197
"696","New York",2012,19570261
"697","New York",2013,19651127
"698","New York",2014,19746227
"699","New York",2015,19795791
"700","New York",2016,19745289
"701","New York",2017,19849399
"702","New York",2018,19542209
"703","New York",2019,19453561
"704","New York",NA,406513567
"705","North Carolina",1999,7949361
"706","North Carolina",2000,8049313
"707","North Carolina",2001,8210122
"708","North Carolina",2002,8326201
"709","North Carolina",2003,8422501
"710","North Carolina",2004,8553152
"711","North Carolina",2005,8705407
"712","North Carolina",2006,8917270
"713","North Carolina",2007,9118037
"714","North Carolina",2008,9309449
"715","North Carolina",2009,9449566
"716","North Carolina",2010,9535483
"717","North Carolina",2011,9656401
"718","North Carolina",2012,9752073
"719","North Carolina",2013,9848060
"720","North Carolina",2014,9943964
"721","North Carolina",2015,10042802
"722","North Carolina",2016,10146788
"723","North Carolina",2017,10273419
"724","North Carolina",2018,10383620
"725","North Carolina",2019,10488084
"726","North Carolina",NA,195081073
"727","North Dakota",1999,644259
"728","North Dakota",2000,642200
"729","North Dakota",2001,639062
"730","North Dakota",2002,638168
"731","North Dakota",2003,638817
"732","North Dakota",2004,644705
"733","North Dakota",2005,646089
"734","North Dakota",2006,649422
"735","North Dakota",2007,652822
"736","North Dakota",2008,657569
"737","North Dakota",2009,664968
"738","North Dakota",2010,672591
"739","North Dakota",2011,683932
"740","North Dakota",2012,699628
"741","North Dakota",2013,723393
"742","North Dakota",2014,739482
"743","North Dakota",2015,756927
"744","North Dakota",2016,757952
"745","North Dakota",2017,755393
"746","North Dakota",2018,760077
"747","North Dakota",2019,762062
"748","North Dakota",NA,14429518
"749","Ohio",1999,11335454
"750","Ohio",2000,11353140
"751","Ohio",2001,11387404
"752","Ohio",2002,11407889
"753","Ohio",2003,11434788
"754","Ohio",2004,11452251
"755","Ohio",2005,11463320
"756","Ohio",2006,11481213
"757","Ohio",2007,11500468
"758","Ohio",2008,11515391
"759","Ohio",2009,11528896
"760","Ohio",2010,11536504
"761","Ohio",2011,11544951
"762","Ohio",2012,11544225
"763","Ohio",2013,11570808
"764","Ohio",2014,11594163
"765","Ohio",2015,11613423
"766","Ohio",2016,11614373
"767","Ohio",2017,11658609
"768","Ohio",2018,11689442
"769","Ohio",2019,11689100
"770","Ohio",NA,241915812
"771","Oklahoma",1999,3437147
"772","Oklahoma",2000,3450654
"773","Oklahoma",2001,3467100
"774","Oklahoma",2002,3489080
"775","Oklahoma",2003,3504892
"776","Oklahoma",2004,3525233
"777","Oklahoma",2005,3548597
"778","Oklahoma",2006,3594090
"779","Oklahoma",2007,3634349
"780","Oklahoma",2008,3668976
"781","Oklahoma",2009,3717572
"782","Oklahoma",2010,3751351
"783","Oklahoma",2011,3791508
"784","Oklahoma",2012,3814820
"785","Oklahoma",2013,3850568
"786","Oklahoma",2014,3878051
"787","Oklahoma",2015,3911338
"788","Oklahoma",2016,3923561
"789","Oklahoma",2017,3930864
"790","Oklahoma",2018,3943079
"791","Oklahoma",2019,3956971
"792","Oklahoma",NA,77789801
"793","Oregon",1999,3393941
"794","Oregon",2000,3421399
"795","Oregon",2001,3467937
"796","Oregon",2002,3513424
"797","Oregon",2003,3547376
"798","Oregon",2004,3569463
"799","Oregon",2005,3613202
"800","Oregon",2006,3670883
"801","Oregon",2007,3722417
"802","Oregon",2008,3768748
"803","Oregon",2009,3808600
"804","Oregon",2010,3831074
"805","Oregon",2011,3871859
"806","Oregon",2012,3899353
"807","Oregon",2013,3930065
"808","Oregon",2014,3970239
"809","Oregon",2015,4028977
"810","Oregon",2016,4093465
"811","Oregon",2017,4142776
"812","Oregon",2018,4190713
"813","Oregon",2019,4217737
"814","Oregon",NA,79673648
"815","Pennsylvania",1999,12263805
"816","Pennsylvania",2000,12281054
"817","Pennsylvania",2001,12298970
"818","Pennsylvania",2002,12331031
"819","Pennsylvania",2003,12374658
"820","Pennsylvania",2004,12410722
"821","Pennsylvania",2005,12449990
"822","Pennsylvania",2006,12510809
"823","Pennsylvania",2007,12563937
"824","Pennsylvania",2008,12612285
"825","Pennsylvania",2009,12666858
"826","Pennsylvania",2010,12702379
"827","Pennsylvania",2011,12742886
"828","Pennsylvania",2012,12763536
"829","Pennsylvania",2013,12773801
"830","Pennsylvania",2014,12787209
"831","Pennsylvania",2015,12802503
"832","Pennsylvania",2016,12784227
"833","Pennsylvania",2017,12805537
"834","Pennsylvania",2018,12807060
"835","Pennsylvania",2019,12801989
"836","Pennsylvania",NA,264535246
"837","Rhode Island",1999,1040402
"838","Rhode Island",2000,1048319
"839","Rhode Island",2001,1057142
"840","Rhode Island",2002,1065995
"841","Rhode Island",2003,1071342
"842","Rhode Island",2004,1074579
"843","Rhode Island",2005,1067916
"844","Rhode Island",2006,1063096
"845","Rhode Island",2007,1057315
"846","Rhode Island",2008,1055003
"847","Rhode Island",2009,1053646
"848","Rhode Island",2010,1052567
"849","Rhode Island",2011,1051302
"850","Rhode Island",2012,1050292
"851","Rhode Island",2013,1051511
"852","Rhode Island",2014,1055173
"853","Rhode Island",2015,1056298
"854","Rhode Island",2016,1056426
"855","Rhode Island",2017,1059639
"856","Rhode Island",2018,1057315
"857","Rhode Island",2019,1059361
"858","Rhode Island",NA,22204639
"859","South Carolina",1999,3974682
"860","South Carolina",2000,4012012
"861","South Carolina",2001,4064995
"862","South Carolina",2002,4107795
"863","South Carolina",2003,4150297
"864","South Carolina",2004,4210921
"865","South Carolina",2005,4270150
"866","South Carolina",2006,4357847
"867","South Carolina",2007,4444110
"868","South Carolina",2008,4528996
"869","South Carolina",2009,4589872
"870","South Carolina",2010,4625364
"871","South Carolina",2011,4679230
"872","South Carolina",2012,4723723
"873","South Carolina",2013,4774839
"874","South Carolina",2014,4832482
"875","South Carolina",2015,4896146
"876","South Carolina",2016,4961119
"877","South Carolina",2017,5024369
"878","South Carolina",2018,5084127
"879","South Carolina",2019,5148714
"880","South Carolina",NA,95461790
"881","South Dakota",1999,750412
"882","South Dakota",2000,754844
"883","South Dakota",2001,757972
"884","South Dakota",2002,760020
"885","South Dakota",2003,763729
"886","South Dakota",2004,770396
"887","South Dakota",2005,775493
"888","South Dakota",2006,783033
"889","South Dakota",2007,791623
"890","South Dakota",2008,799124
"891","South Dakota",2009,807067
"892","South Dakota",2010,814180
"893","South Dakota",2011,824082
"894","South Dakota",2012,833354
"895","South Dakota",2013,844877
"896","South Dakota",2014,853175
"897","South Dakota",2015,858469
"898","South Dakota",2016,865454
"899","South Dakota",2017,869666
"900","South Dakota",2018,882235
"901","South Dakota",2019,884659
"902","South Dakota",NA,17043864
"903","Tennessee",1999,5638706
"904","Tennessee",2000,5689283
"905","Tennessee",2001,5750789
"906","Tennessee",2002,5795918
"907","Tennessee",2003,5847812
"908","Tennessee",2004,5910809
"909","Tennessee",2005,5991057
"910","Tennessee",2006,6088766
"911","Tennessee",2007,6175727
"912","Tennessee",2008,6247411
"913","Tennessee",2009,6306019
"914","Tennessee",2010,6346105
"915","Tennessee",2011,6403353
"916","Tennessee",2012,6456243
"917","Tennessee",2013,6495978
"918","Tennessee",2014,6549352
"919","Tennessee",2015,6600299
"920","Tennessee",2016,6651194
"921","Tennessee",2017,6715984
"922","Tennessee",2018,6770010
"923","Tennessee",2019,6829174
"924","Tennessee",NA,131259989
"925","Texas",1999,20558220
"926","Texas",2000,20851820
"927","Texas",2001,21319622
"928","Texas",2002,21690325
"929","Texas",2003,22030931
"930","Texas",2004,22394023
"931","Texas",2005,22778123
"932","Texas",2006,23359580
"933","Texas",2007,23831983
"934","Texas",2008,24309039
"935","Texas",2009,24801761
"936","Texas",2010,25145561
"937","Texas",2011,25674681
"938","Texas",2012,26059203
"939","Texas",2013,26448193
"940","Texas",2014,26956958
"941","Texas",2015,27469114
"942","Texas",2016,27862596
"943","Texas",2017,28304596
"944","Texas",2018,28701845
"945","Texas",2019,28995881
"946","Texas",NA,519544055
"947","Utah",1999,2203482
"948","Utah",2000,2233169
"949","Utah",2001,2283715
"950","Utah",2002,2324815
"951","Utah",2003,2360137
"952","Utah",2004,2401580
"953","Utah",2005,2457719
"954","Utah",2006,2525507
"955","Utah",2007,2597746
"956","Utah",2008,2663029
"957","Utah",2009,2723421
"958","Utah",2010,2763885
"959","Utah",2011,2817222
"960","Utah",2012,2855287
"961","Utah",2013,2900872
"962","Utah",2014,2942902
"963","Utah",2015,2995919
"964","Utah",2016,3051217
"965","Utah",2017,3101833
"966","Utah",2018,3161105
"967","Utah",2019,3205958
"968","Utah",NA,56570520
"969","Vermont",1999,604683
"970","Vermont",2000,608827
"971","Vermont",2001,612223
"972","Vermont",2002,615442
"973","Vermont",2003,617858
"974","Vermont",2004,619920
"975","Vermont",2005,621215
"976","Vermont",2006,622892
"977","Vermont",2007,623481
"978","Vermont",2008,624151
"979","Vermont",2009,624817
"980","Vermont",2010,625741
"981","Vermont",2011,626431
"982","Vermont",2012,626011
"983","Vermont",2013,626630
"984","Vermont",2014,626562
"985","Vermont",2015,626042
"986","Vermont",2016,624594
"987","Vermont",2017,623657
"988","Vermont",2018,626299
"989","Vermont",2019,623989
"990","Vermont",NA,13051465
"991","Virginia",1999,7000174
"992","Virginia",2000,7078515
"993","Virginia",2001,7198362
"994","Virginia",2002,7286873
"995","Virginia",2003,7366977
"996","Virginia",2004,7475575
"997","Virginia",2005,7577105
"998","Virginia",2006,7673725
"999","Virginia",2007,7751000
"1000","Virginia",2008,7833496
"1001","Virginia",2009,7925937
"1002","Virginia",2010,8001024
"1003","Virginia",2011,8096604
"1004","Virginia",2012,8185867
"1005","Virginia",2013,8260405
"1006","Virginia",2014,8326289
"1007","Virginia",2015,8382993
"1008","Virginia",2016,8411808
"1009","Virginia",2017,8470020
"1010","Virginia",2018,8517685
"1011","Virginia",2019,8535519
"1012","Virginia",NA,165355953
"1013","Washington",1999,5842564
"1014","Washington",2000,5894121
"1015","Washington",2001,5985722
"1016","Washington",2002,6052349
"1017","Washington",2003,6104115
"1018","Washington",2004,6178645
"1019","Washington",2005,6257305
"1020","Washington",2006,6370753
"1021","Washington",2007,6461587
"1022","Washington",2008,6562231
"1023","Washington",2009,6667426
"1024","Washington",2010,6724540
"1025","Washington",2011,6830038
"1026","Washington",2012,6897012
"1027","Washington",2013,6971406
"1028","Washington",2014,7061530
"1029","Washington",2015,7170351
"1030","Washington",2016,7288000
"1031","Washington",2017,7405743
"1032","Washington",2018,7535591
"1033","Washington",2019,7614893
"1034","Washington",NA,139875922
"1035","West Virginia",1999,1811799
"1036","West Virginia",2000,1808344
"1037","West Virginia",2001,1801481
"1038","West Virginia",2002,1805414
"1039","West Virginia",2003,1812295
"1040","West Virginia",2004,1816438
"1041","West Virginia",2005,1820492
"1042","West Virginia",2006,1827912
"1043","West Virginia",2007,1834052
"1044","West Virginia",2008,1840310
"1045","West Virginia",2009,1847775
"1046","West Virginia",2010,1852994
"1047","West Virginia",2011,1855364
"1048","West Virginia",2012,1855413
"1049","West Virginia",2013,1854304
"1050","West Virginia",2014,1850326
"1051","West Virginia",2015,1844128
"1052","West Virginia",2016,1831102
"1053","West Virginia",2017,1815857
"1054","West Virginia",2018,1805832
"1055","West Virginia",2019,1792147
"1056","West Virginia",NA,38383779
"1057","Wisconsin",1999,5332666
"1058","Wisconsin",2000,5363675
"1059","Wisconsin",2001,5406835
"1060","Wisconsin",2002,5445162
"1061","Wisconsin",2003,5479203
"1062","Wisconsin",2004,5514026
"1063","Wisconsin",2005,5546166
"1064","Wisconsin",2006,5577655
"1065","Wisconsin",2007,5610775
"1066","Wisconsin",2008,5640996
"1067","Wisconsin",2009,5669264
"1068","Wisconsin",2010,5686986
"1069","Wisconsin",2011,5711767
"1070","Wisconsin",2012,5726398
"1071","Wisconsin",2013,5742713
"1072","Wisconsin",2014,5757564
"1073","Wisconsin",2015,5771337
"1074","Wisconsin",2016,5778708
"1075","Wisconsin",2017,5795483
"1076","Wisconsin",2018,5813568
"1077","Wisconsin",2019,5822434
"1078","Wisconsin",NA,118193381
"1079","Wyoming",1999,491780
"1080","Wyoming",2000,493782
"1081","Wyoming",2001,494657
"1082","Wyoming",2002,500017
"1083","Wyoming",2003,503453
"1084","Wyoming",2004,509106
"1085","Wyoming",2005,514157
"1086","Wyoming",2006,522667
"1087","Wyoming",2007,534876
"1088","Wyoming",2008,546043
"1089","Wyoming",2009,559851
"1090","Wyoming",2010,563626
"1091","Wyoming",2011,568158
"1092","Wyoming",2012,576412
"1093","Wyoming",2013,582658
"1094","Wyoming",2014,584153
"1095","Wyoming",2015,586107
"1096","Wyoming",2016,585501
"1097","Wyoming",2017,579315
"1098","Wyoming",2018,577737
"1099","Wyoming",2019,578759
"1100","Wyoming",NA,11452815
"1101","",NA,6403948691
"1102","",NA,NA
"1103","",NA,NA
"1104","",NA,NA
"1105","",NA,NA
"1106","",NA,NA
"1107","",NA,NA
"1108","",NA,NA
"1109","",NA,NA
"1110","",NA,NA
"1111","",NA,NA
"1112","",NA,NA
"1113","",NA,NA
"1114","",NA,NA
"1115","",NA,NA
"1116","",NA,NA
"1117","",NA,NA
"1118","",NA,NA
"1119","",NA,NA
"1120","",NA,NA
"1121","",NA,NA
"1122","",NA,NA
"1123","",NA,NA
"1124","",NA,NA
"1125","",NA,NA
"1126","",NA,NA
"1127","",NA,NA
"1128","",NA,NA
"1129","",NA,NA
"1130","",NA,NA
"1131","",NA,NA
"1132","",NA,NA
"1133","",NA,NA
"1134","",NA,NA
"1135","",NA,NA
"1136","",NA,NA
"1137","",NA,NA
"1138","",NA,NA
"1139","",NA,NA
"1140","",NA,NA
"1141","",NA,NA
"1142","",NA,NA
"1143","",NA,NA
"1144","",NA,NA
"1145","",NA,NA
"1146","",NA,NA
"1147","",NA,NA
"1148","",NA,NA
"1149","",NA,NA
"1150","",NA,NA
"1151","",NA,NA
"1152","",NA,NA
"1153","",NA,NA
"1154","",NA,NA
"1155","",NA,NA
"1156","",NA,NA
"1157","",NA,NA
"1158","",NA,NA
"1159","",NA,NA
"1160","",NA,NA
"1161","",NA,NA
"1162","",NA,NA
"1163","",NA,NA
"1164","",NA,NA
"1165","",NA,NA
"1166","",NA,NA
"1167","",NA,NA
"1168","",NA,NA
