"","state","year","sex","deaths","population","suicides_per_100k"
"1","Alabama",1999,"Female",36,953965,3.8
"2","Alabama",1999,"Male",190,948640,20
"3","Alabama",2000,"Female",42,949631,4.4
"4","Alabama",2000,"Male",200,945381,21.2
"5","Alabama",2001,"Female",32,943603,3.4
"6","Alabama",2001,"Male",182,940438,19.4
"7","Alabama",2002,"Female",42,937532,4.5
"8","Alabama",2002,"Male",155,935822,16.6
"9","Alabama",2003,"Female",23,935158,2.5
"10","Alabama",2003,"Male",173,935391,18.5
"11","Alabama",2004,"Female",31,933906,3.3
"12","Alabama",2004,"Male",173,933484,18.5
"13","Alabama",2005,"Female",35,935031,3.7
"14","Alabama",2005,"Male",159,934764,17
"15","Alabama",2006,"Female",33,942456,3.5
"16","Alabama",2006,"Male",214,942377,22.7
"17","Alabama",2007,"Female",41,948156,4.3
"18","Alabama",2007,"Male",188,946945,19.9
"19","Alabama",2008,"Female",39,953923,4.1
"20","Alabama",2008,"Male",191,952556,20.1
"21","Alabama",2009,"Female",41,958423,4.3
"22","Alabama",2009,"Male",175,957725,18.3
"23","Alabama",2010,"Female",47,958494,4.9
"24","Alabama",2010,"Male",200,957306,20.9
"25","Alabama",2011,"Female",39,958171,4.1
"26","Alabama",2011,"Male",210,955229,22
"27","Alabama",2012,"Female",42,955850,4.4
"28","Alabama",2012,"Male",192,951732,20.2
"29","Alabama",2013,"Female",39,953607,4.1
"30","Alabama",2013,"Male",205,951676,21.5
"31","Alabama",2014,"Female",52,955457,5.4
"32","Alabama",2014,"Male",205,950259,21.6
"33","Alabama",2015,"Female",54,954190,5.7
"34","Alabama",2015,"Male",213,948710,22.5
"35","Alabama",2016,"Female",47,951625,4.9
"36","Alabama",2016,"Male",240,947176,25.3
"37","Alabama",2017,"Female",52,951500,5.5
"38","Alabama",2017,"Male",253,947776,26.7
"39","Alabama",2018,"Female",69,951949,7.2
"40","Alabama",2018,"Male",282,946980,29.8
"41","Alabama",2019,"Female",62,951880,6.5
"42","Alabama",2019,"Male",255,945699,27
"43","Alaska",1999,"Female",11,140543,7.8
"44","Alaska",1999,"Male",43,152252,28.2
"45","Alaska",2000,"Female",19,140345,13.5
"46","Alaska",2000,"Male",67,151498,44.2
"47","Alaska",2001,"Female",12,140082,8.6
"48","Alaska",2001,"Male",43,152112,28.3
"49","Alaska",2002,"Female",15,140542,10.7
"50","Alaska",2002,"Male",55,153263,35.9
"51","Alaska",2003,"Female",15,140703,10.7
"52","Alaska",2003,"Male",53,152886,34.7
"53","Alaska",2004,"Female",26,141613,18.4
"54","Alaska",2004,"Male",73,154578,47.2
"55","Alaska",2005,"Female",16,141725,11.3
"56","Alaska",2005,"Male",55,155424,35.4
"57","Alaska",2006,"Female",15,143058,10.5
"58","Alaska",2006,"Male",56,155808,35.9
"59","Alaska",2007,"Female",14,142668,9.8
"60","Alaska",2007,"Male",65,156440,41.5
"61","Alaska",2008,"Female",17,142495,11.9
"62","Alaska",2008,"Male",70,158075,44.3
"63","Alaska",2009,"Female",13,144322,9
"64","Alaska",2009,"Male",66,155990,42.3
"65","Alaska",2010,"Female",14,145403,9.6
"66","Alaska",2010,"Male",74,160931,46
"67","Alaska",2011,"Female",13,147976,8.8
"68","Alaska",2011,"Male",61,162588,37.5
"69","Alaska",2012,"Female",NA,149219,NA
"70","Alaska",2012,"Male",83,167416,49.6
"71","Alaska",2013,"Female",16,149653,10.7
"72","Alaska",2013,"Male",87,173283,50.2
"73","Alaska",2014,"Female",16,149941,10.7
"74","Alaska",2014,"Male",78,175668,44.4
"75","Alaska",2015,"Female",26,149785,17.4
"76","Alaska",2015,"Male",85,177171,48
"77","Alaska",2016,"Female",25,151323,16.5
"78","Alaska",2016,"Male",98,173596,56.5
"79","Alaska",2017,"Female",22,149800,14.7
"80","Alaska",2017,"Male",93,171821,54.1
"81","Alaska",2018,"Female",25,149212,16.8
"82","Alaska",2018,"Male",78,170347,45.8
"83","Alaska",2019,"Female",23,147268,15.6
"84","Alaska",2019,"Male",105,168200,62.4
"85","Arizona",1999,"Female",52,1065314,4.9
"86","Arizona",1999,"Male",252,1141269,22.1
"87","Arizona",2000,"Female",61,1081657,5.6
"88","Arizona",2000,"Male",262,1162488,22.5
"89","Arizona",2001,"Female",47,1105049,4.3
"90","Arizona",2001,"Male",263,1185867,22.2
"91","Arizona",2002,"Female",60,1124967,5.3
"92","Arizona",2002,"Male",316,1204574,26.2
"93","Arizona",2003,"Female",58,1142100,5.1
"94","Arizona",2003,"Male",300,1218355,24.6
"95","Arizona",2004,"Female",70,1163696,6
"96","Arizona",2004,"Male",299,1239541,24.1
"97","Arizona",2005,"Female",76,1195157,6.4
"98","Arizona",2005,"Male",316,1270474,24.9
"99","Arizona",2006,"Female",73,1231089,5.9
"100","Arizona",2006,"Male",318,1306179,24.3
"101","Arizona",2007,"Female",69,1256333,5.5
"102","Arizona",2007,"Male",333,1329616,25
"103","Arizona",2008,"Female",65,1272949,5.1
"104","Arizona",2008,"Male",274,1344246,20.4
"105","Arizona",2009,"Female",92,1280084,7.2
"106","Arizona",2009,"Male",278,1345863,20.7
"107","Arizona",2010,"Female",71,1281324,5.5
"108","Arizona",2010,"Male",318,1343892,23.7
"109","Arizona",2011,"Female",92,1287723,7.1
"110","Arizona",2011,"Male",333,1356391,24.6
"111","Arizona",2012,"Female",84,1295150,6.5
"112","Arizona",2012,"Male",328,1364393,24
"113","Arizona",2013,"Female",94,1305217,7.2
"114","Arizona",2013,"Male",321,1376454,23.3
"115","Arizona",2014,"Female",95,1322557,7.2
"116","Arizona",2014,"Male",337,1391217,24.2
"117","Arizona",2015,"Female",114,1336020,8.5
"118","Arizona",2015,"Male",350,1406563,24.9
"119","Arizona",2016,"Female",106,1350170,7.9
"120","Arizona",2016,"Male",351,1426713,24.6
"121","Arizona",2017,"Female",117,1368125,8.6
"122","Arizona",2017,"Male",400,1450161,27.6
"123","Arizona",2018,"Female",102,1400796,7.3
"124","Arizona",2018,"Male",451,1486327,30.3
"125","Arizona",2019,"Female",90,1419469,6.3
"126","Arizona",2019,"Male",442,1505205,29.4
"127","Arkansas",1999,"Female",32,556178,5.8
"128","Arkansas",1999,"Male",125,567786,22
"129","Arkansas",2000,"Female",24,556761,4.3
"130","Arkansas",2000,"Male",127,569722,22.3
"131","Arkansas",2001,"Female",21,555626,3.8
"132","Arkansas",2001,"Male",156,569080,27.4
"133","Arkansas",2002,"Female",30,554661,5.4
"134","Arkansas",2002,"Male",138,568343,24.3
"135","Arkansas",2003,"Female",21,554196,3.8
"136","Arkansas",2003,"Male",114,568242,20.1
"137","Arkansas",2004,"Female",20,554880,3.6
"138","Arkansas",2004,"Male",103,568460,18.1
"139","Arkansas",2005,"Female",27,557507,4.8
"140","Arkansas",2005,"Male",130,570472,22.8
"141","Arkansas",2006,"Female",22,563334,3.9
"142","Arkansas",2006,"Male",125,575440,21.7
"143","Arkansas",2007,"Female",29,566171,5.1
"144","Arkansas",2007,"Male",116,578445,20.1
"145","Arkansas",2008,"Female",45,569536,7.9
"146","Arkansas",2008,"Male",137,581540,23.6
"147","Arkansas",2009,"Female",28,572537,4.9
"148","Arkansas",2009,"Male",131,583428,22.5
"149","Arkansas",2010,"Female",29,574729,5
"150","Arkansas",2010,"Male",139,585791,23.7
"151","Arkansas",2011,"Female",32,575648,5.6
"152","Arkansas",2011,"Male",156,587833,26.5
"153","Arkansas",2012,"Female",34,576558,5.9
"154","Arkansas",2012,"Male",158,589263,26.8
"155","Arkansas",2013,"Female",30,577255,5.2
"156","Arkansas",2013,"Male",167,590853,28.3
"157","Arkansas",2014,"Female",40,578044,6.9
"158","Arkansas",2014,"Male",163,591973,27.5
"159","Arkansas",2015,"Female",43,580409,7.4
"160","Arkansas",2015,"Male",168,593160,28.3
"161","Arkansas",2016,"Female",54,583276,9.3
"162","Arkansas",2016,"Male",167,596434,28
"163","Arkansas",2017,"Female",53,585346,9.1
"164","Arkansas",2017,"Male",204,600141,34
"165","Arkansas",2018,"Female",48,586876,8.2
"166","Arkansas",2018,"Male",176,601516,29.3
"167","Arkansas",2019,"Female",46,586557,7.8
"168","Arkansas",2019,"Male",190,600471,31.6
"169","California",1999,"Female",240,7419949,3.2
"170","California",1999,"Male",959,7893141,12.1
"171","California",2000,"Female",210,7488419,2.8
"172","California",2000,"Male",890,7958384,11.2
"173","California",2001,"Female",170,7596159,2.2
"174","California",2001,"Male",925,8079114,11.4
"175","California",2002,"Female",232,7662906,3
"176","California",2002,"Male",901,8129396,11.1
"177","California",2003,"Female",255,7719324,3.3
"178","California",2003,"Male",997,8149351,12.2
"179","California",2004,"Female",268,7752932,3.5
"180","California",2004,"Male",958,8182035,11.7
"181","California",2005,"Female",225,7765158,2.9
"182","California",2005,"Male",895,8195106,10.9
"183","California",2006,"Female",233,7783684,3
"184","California",2006,"Male",945,8199570,11.5
"185","California",2007,"Female",231,7788233,3
"186","California",2007,"Male",978,8200791,11.9
"187","California",2008,"Female",268,7812965,3.4
"188","California",2008,"Male",939,8214476,11.4
"189","California",2009,"Female",268,7834271,3.4
"190","California",2009,"Male",905,8226922,11
"191","California",2010,"Female",291,7846078,3.7
"192","California",2010,"Male",969,8226197,11.8
"193","California",2011,"Female",276,7859005,3.5
"194","California",2011,"Male",1027,8263420,12.4
"195","California",2012,"Female",255,7884586,3.2
"196","California",2012,"Male",997,8291192,12
"197","California",2013,"Female",293,7908199,3.7
"198","California",2013,"Male",1034,8324021,12.4
"199","California",2014,"Female",287,7993157,3.6
"200","California",2014,"Male",1052,8373807,12.6
"201","California",2015,"Female",321,8032999,4
"202","California",2015,"Male",1111,8426184,13.2
"203","California",2016,"Female",310,8042718,3.9
"204","California",2016,"Male",1231,8440626,14.6
"205","California",2017,"Female",313,8094923,3.9
"206","California",2017,"Male",1277,8515566,15
"207","California",2018,"Female",389,8086846,4.8
"208","California",2018,"Male",1254,8517081,14.7
"209","California",2019,"Female",329,8056017,4.1
"210","California",2019,"Male",1348,8487619,15.9
"211","Colorado",1999,"Female",49,928388,5.3
"212","Colorado",1999,"Male",209,1001517,20.9
"213","Colorado",2000,"Female",45,938181,4.8
"214","Colorado",2000,"Male",220,1016911,21.6
"215","Colorado",2001,"Female",59,956942,6.2
"216","Colorado",2001,"Male",248,1039665,23.9
"217","Colorado",2002,"Female",54,962873,5.6
"218","Colorado",2002,"Male",257,1045260,24.6
"219","Colorado",2003,"Female",49,961897,5.1
"220","Colorado",2003,"Male",225,1035846,21.7
"221","Colorado",2004,"Female",76,960551,7.9
"222","Colorado",2004,"Male",249,1038008,24
"223","Colorado",2005,"Female",54,964982,5.6
"224","Colorado",2005,"Male",265,1034365,25.6
"225","Colorado",2006,"Female",76,976284,7.8
"226","Colorado",2006,"Male",231,1046128,22.1
"227","Colorado",2007,"Female",61,988491,6.2
"228","Colorado",2007,"Male",239,1054820,22.7
"229","Colorado",2008,"Female",60,1000971,6
"230","Colorado",2008,"Male",226,1067504,21.2
"231","Colorado",2009,"Female",74,1011834,7.3
"232","Colorado",2009,"Male",295,1076823,27.4
"233","Colorado",2010,"Female",75,1017266,7.4
"234","Colorado",2010,"Male",249,1083361,23
"235","Colorado",2011,"Female",84,1029988,8.2
"236","Colorado",2011,"Male",269,1099586,24.5
"237","Colorado",2012,"Female",90,1041578,8.6
"238","Colorado",2012,"Male",316,1112721,28.4
"239","Colorado",2013,"Female",91,1059545,8.6
"240","Colorado",2013,"Male",286,1134872,25.2
"241","Colorado",2014,"Female",84,1081856,7.8
"242","Colorado",2014,"Male",342,1158044,29.5
"243","Colorado",2015,"Female",94,1106829,8.5
"244","Colorado",2015,"Male",351,1186912,29.6
"245","Colorado",2016,"Female",106,1125957,9.4
"246","Colorado",2016,"Male",395,1207379,32.7
"247","Colorado",2017,"Female",122,1141291,10.7
"248","Colorado",2017,"Male",398,1227697,32.4
"249","Colorado",2018,"Female",142,1162873,12.2
"250","Colorado",2018,"Male",441,1253863,35.2
"251","Colorado",2019,"Female",129,1174927,11
"252","Colorado",2019,"Male",461,1270696,36.3
"253","Connecticut",1999,"Female",26,694274,3.7
"254","Connecticut",1999,"Male",82,696346,11.8
"255","Connecticut",2000,"Female",21,692998,3
"256","Connecticut",2000,"Male",95,695293,13.7
"257","Connecticut",2001,"Female",18,691149,2.6
"258","Connecticut",2001,"Male",93,695102,13.4
"259","Connecticut",2002,"Female",18,691196,2.6
"260","Connecticut",2002,"Male",73,697474,10.5
"261","Connecticut",2003,"Female",22,691511,3.2
"262","Connecticut",2003,"Male",62,698583,8.9
"263","Connecticut",2004,"Female",23,686855,3.3
"264","Connecticut",2004,"Male",81,695491,11.6
"265","Connecticut",2005,"Female",25,682861,3.7
"266","Connecticut",2005,"Male",79,694527,11.4
"267","Connecticut",2006,"Female",15,680599,2.2
"268","Connecticut",2006,"Male",95,691037,13.7
"269","Connecticut",2007,"Female",12,678206,1.8
"270","Connecticut",2007,"Male",70,689485,10.2
"271","Connecticut",2008,"Female",18,677809,2.7
"272","Connecticut",2008,"Male",88,689179,12.8
"273","Connecticut",2009,"Female",29,676425,4.3
"274","Connecticut",2009,"Male",89,689157,12.9
"275","Connecticut",2010,"Female",19,674124,2.8
"276","Connecticut",2010,"Male",89,687651,12.9
"277","Connecticut",2011,"Female",27,670532,4
"278","Connecticut",2011,"Male",96,686869,14
"279","Connecticut",2012,"Female",27,672427,4
"280","Connecticut",2012,"Male",88,689155,12.8
"281","Connecticut",2013,"Female",24,674664,3.6
"282","Connecticut",2013,"Male",72,694208,10.4
"283","Connecticut",2014,"Female",23,677827,3.4
"284","Connecticut",2014,"Male",84,697798,12
"285","Connecticut",2015,"Female",33,677944,4.9
"286","Connecticut",2015,"Male",74,697666,10.6
"287","Connecticut",2016,"Female",41,675522,6.1
"288","Connecticut",2016,"Male",86,697583,12.3
"289","Connecticut",2017,"Female",36,674950,5.3
"290","Connecticut",2017,"Male",102,698292,14.6
"291","Connecticut",2018,"Female",31,671839,4.6
"292","Connecticut",2018,"Male",83,694344,12
"293","Connecticut",2019,"Female",31,669960,4.6
"294","Connecticut",2019,"Male",117,690989,16.9
"295","Delaware",1999,"Female",NA,168020,NA
"296","Delaware",1999,"Male",36,166863,21.6
"297","Delaware",2000,"Female",NA,168577,NA
"298","Delaware",2000,"Male",26,167488,15.5
"299","Delaware",2001,"Female",NA,169333,NA
"300","Delaware",2001,"Male",38,168674,22.5
"301","Delaware",2002,"Female",NA,170038,NA
"302","Delaware",2002,"Male",30,169388,17.7
"303","Delaware",2003,"Female",NA,171087,NA
"304","Delaware",2003,"Male",20,170454,11.7
"305","Delaware",2004,"Female",NA,171864,NA
"306","Delaware",2004,"Male",26,171317,15.2
"307","Delaware",2005,"Female",NA,173225,NA
"308","Delaware",2005,"Male",31,172409,18
"309","Delaware",2006,"Female",NA,174340,NA
"310","Delaware",2006,"Male",30,173208,17.3
"311","Delaware",2007,"Female",NA,174877,NA
"312","Delaware",2007,"Male",19,174145,10.9
"313","Delaware",2008,"Female",NA,175366,NA
"314","Delaware",2008,"Male",32,175257,18.3
"315","Delaware",2009,"Female",NA,175914,NA
"316","Delaware",2009,"Male",27,175126,15.4
"317","Delaware",2010,"Female",NA,175759,NA
"318","Delaware",2010,"Male",29,175285,16.5
"319","Delaware",2011,"Female",NA,175697,NA
"320","Delaware",2011,"Male",31,175881,17.6
"321","Delaware",2012,"Female",NA,176956,NA
"322","Delaware",2012,"Male",41,176937,23.2
"323","Delaware",2013,"Female",12,177587,6.8
"324","Delaware",2013,"Male",28,177396,15.8
"325","Delaware",2014,"Female",12,179155,6.7
"326","Delaware",2014,"Male",28,179149,15.6
"327","Delaware",2015,"Female",14,180364,7.8
"328","Delaware",2015,"Male",39,180829,21.6
"329","Delaware",2016,"Female",NA,180753,NA
"330","Delaware",2016,"Male",31,181492,17.1
"331","Delaware",2017,"Female",NA,181821,NA
"332","Delaware",2017,"Male",39,183147,21.3
"333","Delaware",2018,"Female",NA,181152,NA
"334","Delaware",2018,"Male",45,183127,24.6
"335","Delaware",2019,"Female",13,180979,7.2
"336","Delaware",2019,"Male",27,182510,14.8
"337","Florida",1999,"Female",137,3093667,4.4
"338","Florida",1999,"Male",546,3191193,17.1
"339","Florida",2000,"Female",130,3121763,4.2
"340","Florida",2000,"Male",538,3222778,16.7
"341","Florida",2001,"Female",164,3177656,5.2
"342","Florida",2001,"Male",583,3275573,17.8
"343","Florida",2002,"Female",135,3228117,4.2
"344","Florida",2002,"Male",562,3320485,16.9
"345","Florida",2003,"Female",139,3268041,4.3
"346","Florida",2003,"Male",567,3364364,16.9
"347","Florida",2004,"Female",142,3326987,4.3
"348","Florida",2004,"Male",576,3428456,16.8
"349","Florida",2005,"Female",163,3391188,4.8
"350","Florida",2005,"Male",556,3491003,15.9
"351","Florida",2006,"Female",144,3445464,4.2
"352","Florida",2006,"Male",547,3546816,15.4
"353","Florida",2007,"Female",156,3465968,4.5
"354","Florida",2007,"Male",587,3572945,16.4
"355","Florida",2008,"Female",163,3475851,4.7
"356","Florida",2008,"Male",608,3575002,17
"357","Florida",2009,"Female",165,3476409,4.7
"358","Florida",2009,"Male",631,3570421,17.7
"359","Florida",2010,"Female",149,3483683,4.3
"360","Florida",2010,"Male",568,3572316,15.9
"361","Florida",2011,"Female",156,3498192,4.5
"362","Florida",2011,"Male",623,3601271,17.3
"363","Florida",2012,"Female",188,3530022,5.3
"364","Florida",2012,"Male",631,3634474,17.4
"365","Florida",2013,"Female",181,3553193,5.1
"366","Florida",2013,"Male",604,3660499,16.5
"367","Florida",2014,"Female",170,3608950,4.7
"368","Florida",2014,"Male",669,3712570,18
"369","Florida",2015,"Female",212,3670114,5.8
"370","Florida",2015,"Male",685,3772007,18.2
"371","Florida",2016,"Female",222,3715141,6
"372","Florida",2016,"Male",694,3821971,18.2
"373","Florida",2017,"Female",212,3779300,5.6
"374","Florida",2017,"Male",730,3898236,18.7
"375","Florida",2018,"Female",229,3832526,6
"376","Florida",2018,"Male",769,3956803,19.4
"377","Florida",2019,"Female",230,3840773,6
"378","Florida",2019,"Male",770,3961995,19.4
"379","Georgia",1999,"Female",81,1842497,4.4
"380","Georgia",1999,"Male",337,1901140,17.7
"381","Georgia",2000,"Female",75,1861962,4
"382","Georgia",2000,"Male",290,1932261,15
"383","Georgia",2001,"Female",62,1890230,3.3
"384","Georgia",2001,"Male",358,1958794,18.3
"385","Georgia",2002,"Female",68,1907680,3.6
"386","Georgia",2002,"Male",292,1964836,14.9
"387","Georgia",2003,"Female",56,1921041,2.9
"388","Georgia",2003,"Male",315,1961153,16.1
"389","Georgia",2004,"Female",72,1934085,3.7
"390","Georgia",2004,"Male",332,1984532,16.7
"391","Georgia",2005,"Female",56,1953976,2.9
"392","Georgia",2005,"Male",267,1981013,13.5
"393","Georgia",2006,"Female",58,1990198,2.9
"394","Georgia",2006,"Male",278,2021285,13.8
"395","Georgia",2007,"Female",71,2022395,3.5
"396","Georgia",2007,"Male",280,2038990,13.7
"397","Georgia",2008,"Female",73,2042259,3.6
"398","Georgia",2008,"Male",284,2057768,13.8
"399","Georgia",2009,"Female",75,2053640,3.7
"400","Georgia",2009,"Male",329,2068438,15.9
"401","Georgia",2010,"Female",75,2054730,3.7
"402","Georgia",2010,"Male",337,2058652,16.4
"403","Georgia",2011,"Female",76,2056440,3.7
"404","Georgia",2011,"Male",337,2082439,16.2
"405","Georgia",2012,"Female",79,2067739,3.8
"406","Georgia",2012,"Male",342,2092375,16.3
"407","Georgia",2013,"Female",78,2069373,3.8
"408","Georgia",2013,"Male",380,2088008,18.2
"409","Georgia",2014,"Female",83,2089886,4
"410","Georgia",2014,"Male",359,2102851,17.1
"411","Georgia",2015,"Female",111,2110849,5.3
"412","Georgia",2015,"Male",387,2121786,18.2
"413","Georgia",2016,"Female",108,2130211,5.1
"414","Georgia",2016,"Male",457,2134188,21.4
"415","Georgia",2017,"Female",134,2155212,6.2
"416","Georgia",2017,"Male",459,2160120,21.2
"417","Georgia",2018,"Female",123,2174388,5.7
"418","Georgia",2018,"Male",530,2176866,24.3
"419","Georgia",2019,"Female",136,2188094,6.2
"420","Georgia",2019,"Male",510,2191101,23.3
"421","Hawaii",1999,"Female",13,248632,5.2
"422","Hawaii",1999,"Male",58,269866,21.5
"423","Hawaii",2000,"Female",12,246795,4.9
"424","Hawaii",2000,"Male",49,267816,18.3
"425","Hawaii",2001,"Female",NA,246974,NA
"426","Hawaii",2001,"Male",44,270125,16.3
"427","Hawaii",2002,"Female",NA,247774,NA
"428","Hawaii",2002,"Male",38,271292,14
"429","Hawaii",2003,"Female",10,248702,4
"430","Hawaii",2003,"Male",41,269950,15.2
"431","Hawaii",2004,"Female",NA,252292,NA
"432","Hawaii",2004,"Male",36,270975,13.3
"433","Hawaii",2005,"Female",11,253725,4.3
"434","Hawaii",2005,"Male",28,275846,10.2
"435","Hawaii",2006,"Female",16,255705,6.3
"436","Hawaii",2006,"Male",36,279447,12.9
"437","Hawaii",2007,"Female",NA,254929,NA
"438","Hawaii",2007,"Male",38,274417,13.8
"439","Hawaii",2008,"Female",16,256232,6.2
"440","Hawaii",2008,"Male",34,276236,12.3
"441","Hawaii",2009,"Female",19,257140,7.4
"442","Hawaii",2009,"Male",51,276695,18.4
"443","Hawaii",2010,"Female",24,257583,9.3
"444","Hawaii",2010,"Male",70,277868,25.2
"445","Hawaii",2011,"Female",12,259076,4.6
"446","Hawaii",2011,"Male",71,282135,25.2
"447","Hawaii",2012,"Female",14,260159,5.4
"448","Hawaii",2012,"Male",55,290668,18.9
"449","Hawaii",2013,"Female",16,262052,6.1
"450","Hawaii",2013,"Male",60,297486,20.2
"451","Hawaii",2014,"Female",11,265379,4.1
"452","Hawaii",2014,"Male",73,303605,24
"453","Hawaii",2015,"Female",15,267312,5.6
"454","Hawaii",2015,"Male",71,308459,23
"455","Hawaii",2016,"Female",13,265319,4.9
"456","Hawaii",2016,"Male",77,294342,26.2
"457","Hawaii",2017,"Female",23,263989,8.7
"458","Hawaii",2017,"Male",77,291083,26.5
"459","Hawaii",2018,"Female",14,262978,5.3
"460","Hawaii",2018,"Male",54,286908,18.8
"461","Hawaii",2019,"Female",16,260364,6.1
"462","Hawaii",2019,"Male",78,283315,27.5
"463","Idaho",1999,"Female",16,277775,5.8
"464","Idaho",1999,"Male",67,291021,23
"465","Idaho",2000,"Female",15,279876,5.4
"466","Idaho",2000,"Male",60,293930,20.4
"467","Idaho",2001,"Female",21,282474,7.4
"468","Idaho",2001,"Male",79,297023,26.6
"469","Idaho",2002,"Female",NA,284390,NA
"470","Idaho",2002,"Male",69,298517,23.1
"471","Idaho",2003,"Female",11,286768,3.8
"472","Idaho",2003,"Male",81,301427,26.9
"473","Idaho",2004,"Female",17,289888,5.9
"474","Idaho",2004,"Male",78,306124,25.5
"475","Idaho",2005,"Female",13,295474,4.4
"476","Idaho",2005,"Male",74,310787,23.8
"477","Idaho",2006,"Female",19,301866,6.3
"478","Idaho",2006,"Male",81,317271,25.5
"479","Idaho",2007,"Female",17,308104,5.5
"480","Idaho",2007,"Male",83,323463,25.7
"481","Idaho",2008,"Female",15,312707,4.8
"482","Idaho",2008,"Male",67,327919,20.4
"483","Idaho",2009,"Female",22,315258,7
"484","Idaho",2009,"Male",87,329701,26.4
"485","Idaho",2010,"Female",25,316338,7.9
"486","Idaho",2010,"Male",81,329995,24.5
"487","Idaho",2011,"Female",23,318744,7.2
"488","Idaho",2011,"Male",88,331586,26.5
"489","Idaho",2012,"Female",27,320044,8.4
"490","Idaho",2012,"Male",96,332588,28.9
"491","Idaho",2013,"Female",20,322403,6.2
"492","Idaho",2013,"Male",95,335794,28.3
"493","Idaho",2014,"Female",29,326307,8.9
"494","Idaho",2014,"Male",104,340757,30.5
"495","Idaho",2015,"Female",29,330181,8.8
"496","Idaho",2015,"Male",120,344659,34.8
"497","Idaho",2016,"Female",31,334818,9.3
"498","Idaho",2016,"Male",99,350720,28.2
"499","Idaho",2017,"Female",29,342062,8.5
"500","Idaho",2017,"Male",143,358525,39.9
"501","Idaho",2018,"Female",36,350090,10.3
"502","Idaho",2018,"Male",148,367111,40.3
"503","Idaho",2019,"Female",35,355215,9.9
"504","Idaho",2019,"Male",116,372598,31.1
"505","Illinois",1999,"Female",73,2689347,2.7
"506","Illinois",1999,"Male",381,2767091,13.8
"507","Illinois",2000,"Female",61,2687188,2.3
"508","Illinois",2000,"Male",366,2771314,13.2
"509","Illinois",2001,"Female",73,2680177,2.7
"510","Illinois",2001,"Male",400,2766450,14.5
"511","Illinois",2002,"Female",78,2671165,2.9
"512","Illinois",2002,"Male",402,2755922,14.6
"513","Illinois",2003,"Female",69,2659602,2.6
"514","Illinois",2003,"Male",337,2742639,12.3
"515","Illinois",2004,"Female",79,2647665,3
"516","Illinois",2004,"Male",341,2736386,12.5
"517","Illinois",2005,"Female",67,2636084,2.5
"518","Illinois",2005,"Male",336,2722313,12.3
"519","Illinois",2006,"Female",62,2634083,2.4
"520","Illinois",2006,"Male",338,2718310,12.4
"521","Illinois",2007,"Female",68,2635290,2.6
"522","Illinois",2007,"Male",373,2713914,13.7
"523","Illinois",2008,"Female",79,2634620,3
"524","Illinois",2008,"Male",356,2709513,13.1
"525","Illinois",2009,"Female",84,2632409,3.2
"526","Illinois",2009,"Male",358,2699267,13.3
"527","Illinois",2010,"Female",99,2624697,3.8
"528","Illinois",2010,"Male",342,2687554,12.7
"529","Illinois",2011,"Female",88,2611164,3.4
"530","Illinois",2011,"Male",381,2674816,14.2
"531","Illinois",2012,"Female",89,2598851,3.4
"532","Illinois",2012,"Male",385,2664076,14.5
"533","Illinois",2013,"Female",110,2591012,4.2
"534","Illinois",2013,"Male",365,2659992,13.7
"535","Illinois",2014,"Female",105,2587486,4.1
"536","Illinois",2014,"Male",410,2647573,15.5
"537","Illinois",2015,"Female",110,2574352,4.3
"538","Illinois",2015,"Male",398,2636427,15.1
"539","Illinois",2016,"Female",125,2556796,4.9
"540","Illinois",2016,"Male",408,2628715,15.5
"541","Illinois",2017,"Female",131,2541618,5.2
"542","Illinois",2017,"Male",477,2614954,18.2
"543","Illinois",2018,"Female",129,2524568,5.1
"544","Illinois",2018,"Male",441,2594589,17
"545","Illinois",2019,"Female",117,2498669,4.7
"546","Illinois",2019,"Male",412,2568007,16
"547","Indiana",1999,"Female",39,1300529,3
"548","Indiana",1999,"Male",251,1334072,18.8
"549","Indiana",2000,"Female",49,1297905,3.8
"550","Indiana",2000,"Male",252,1334056,18.9
"551","Indiana",2001,"Female",48,1294778,3.7
"552","Indiana",2001,"Male",242,1331672,18.2
"553","Indiana",2002,"Female",44,1289301,3.4
"554","Indiana",2002,"Male",270,1328064,20.3
"555","Indiana",2003,"Female",52,1287718,4
"556","Indiana",2003,"Male",262,1328258,19.7
"557","Indiana",2004,"Female",66,1284199,5.1
"558","Indiana",2004,"Male",231,1324783,17.4
"559","Indiana",2005,"Female",51,1284247,4
"560","Indiana",2005,"Male",251,1323663,19
"561","Indiana",2006,"Female",52,1288523,4
"562","Indiana",2006,"Male",268,1328101,20.2
"563","Indiana",2007,"Female",49,1291002,3.8
"564","Indiana",2007,"Male",258,1329561,19.4
"565","Indiana",2008,"Female",58,1295473,4.5
"566","Indiana",2008,"Male",252,1331199,18.9
"567","Indiana",2009,"Female",44,1297394,3.4
"568","Indiana",2009,"Male",260,1330034,19.5
"569","Indiana",2010,"Female",64,1296919,4.9
"570","Indiana",2010,"Male",251,1327149,18.9
"571","Indiana",2011,"Female",74,1296101,5.7
"572","Indiana",2011,"Male",264,1325828,19.9
"573","Indiana",2012,"Female",74,1295300,5.7
"574","Indiana",2012,"Male",285,1324624,21.5
"575","Indiana",2013,"Female",84,1300469,6.5
"576","Indiana",2013,"Male",290,1329977,21.8
"577","Indiana",2014,"Female",61,1305369,4.7
"578","Indiana",2014,"Male",308,1335547,23.1
"579","Indiana",2015,"Female",81,1308295,6.2
"580","Indiana",2015,"Male",308,1340200,23
"581","Indiana",2016,"Female",72,1309893,5.5
"582","Indiana",2016,"Male",323,1346359,24
"583","Indiana",2017,"Female",81,1315385,6.2
"584","Indiana",2017,"Male",380,1353381,28.1
"585","Indiana",2018,"Female",105,1320007,8
"586","Indiana",2018,"Male",360,1358806,26.5
"587","Indiana",2019,"Female",74,1327781,5.6
"588","Indiana",2019,"Male",318,1367608,23.3
"589","Iowa",1999,"Female",18,602941,3
"590","Iowa",1999,"Male",116,623517,18.6
"591","Iowa",2000,"Female",18,600153,3
"592","Iowa",2000,"Male",119,621434,19.1
"593","Iowa",2001,"Female",13,594091,2.2
"594","Iowa",2001,"Male",120,616466,19.5
"595","Iowa",2002,"Female",29,588880,4.9
"596","Iowa",2002,"Male",115,612700,18.8
"597","Iowa",2003,"Female",20,584536,3.4
"598","Iowa",2003,"Male",112,610423,18.3
"599","Iowa",2004,"Female",18,581664,3.1
"600","Iowa",2004,"Male",126,607805,20.7
"601","Iowa",2005,"Female",32,579605,5.5
"602","Iowa",2005,"Male",110,605823,18.2
"603","Iowa",2006,"Female",27,579720,4.7
"604","Iowa",2006,"Male",121,605823,20
"605","Iowa",2007,"Female",23,579386,4
"606","Iowa",2007,"Male",98,606006,16.2
"607","Iowa",2008,"Female",24,580287,4.1
"608","Iowa",2008,"Male",120,607460,19.8
"609","Iowa",2009,"Female",30,581139,5.2
"610","Iowa",2009,"Male",126,607925,20.7
"611","Iowa",2010,"Female",26,581679,4.5
"612","Iowa",2010,"Male",109,609143,17.9
"613","Iowa",2011,"Female",27,583639,4.6
"614","Iowa",2011,"Male",128,611945,20.9
"615","Iowa",2012,"Female",28,586062,4.8
"616","Iowa",2012,"Male",140,614583,22.8
"617","Iowa",2013,"Female",28,590700,4.7
"618","Iowa",2013,"Male",134,619147,21.6
"619","Iowa",2014,"Female",31,595645,5.2
"620","Iowa",2014,"Male",125,625146,20
"621","Iowa",2015,"Female",44,599714,7.3
"622","Iowa",2015,"Male",147,628794,23.4
"623","Iowa",2016,"Female",30,603115,5
"624","Iowa",2016,"Male",161,634689,25.4
"625","Iowa",2017,"Female",34,607265,5.6
"626","Iowa",2017,"Male",169,638015,26.5
"627","Iowa",2018,"Female",34,609343,5.6
"628","Iowa",2018,"Male",166,640940,25.9
"629","Iowa",2019,"Female",47,606280,7.8
"630","Iowa",2019,"Male",191,638897,29.9
"631","Kansas",1999,"Female",20,568384,3.5
"632","Kansas",1999,"Male",120,595784,20.1
"633","Kansas",2000,"Female",23,566339,4.1
"634","Kansas",2000,"Male",120,594366,20.2
"635","Kansas",2001,"Female",20,562765,3.6
"636","Kansas",2001,"Male",132,591409,22.3
"637","Kansas",2002,"Female",23,561240,4.1
"638","Kansas",2002,"Male",124,588167,21.1
"639","Kansas",2003,"Female",19,558469,3.4
"640","Kansas",2003,"Male",108,583067,18.5
"641","Kansas",2004,"Female",23,555213,4.1
"642","Kansas",2004,"Male",126,580904,21.7
"643","Kansas",2005,"Female",16,553480,2.9
"644","Kansas",2005,"Male",128,577907,22.1
"645","Kansas",2006,"Female",25,553726,4.5
"646","Kansas",2006,"Male",131,582337,22.5
"647","Kansas",2007,"Female",22,556051,4
"648","Kansas",2007,"Male",116,581664,19.9
"649","Kansas",2008,"Female",23,559153,4.1
"650","Kansas",2008,"Male",125,587539,21.3
"651","Kansas",2009,"Female",11,562630,2
"652","Kansas",2009,"Male",136,589839,23.1
"653","Kansas",2010,"Female",35,564787,6.2
"654","Kansas",2010,"Male",135,592480,22.8
"655","Kansas",2011,"Female",30,566723,5.3
"656","Kansas",2011,"Male",125,596356,21
"657","Kansas",2012,"Female",37,568714,6.5
"658","Kansas",2012,"Male",175,602146,29.1
"659","Kansas",2013,"Female",24,570235,4.2
"660","Kansas",2013,"Male",128,607385,21.1
"661","Kansas",2014,"Female",31,573605,5.4
"662","Kansas",2014,"Male",135,609955,22.1
"663","Kansas",2015,"Female",45,574928,7.8
"664","Kansas",2015,"Male",149,615520,24.2
"665","Kansas",2016,"Female",48,575065,8.3
"666","Kansas",2016,"Male",184,608879,30.2
"667","Kansas",2017,"Female",59,575268,10.3
"668","Kansas",2017,"Male",201,611860,32.9
"669","Kansas",2018,"Female",52,575874,9
"670","Kansas",2018,"Male",221,610722,36.2
"671","Kansas",2019,"Female",49,575727,8.5
"672","Kansas",2019,"Male",204,611341,33.4
"673","Kentucky",1999,"Female",27,864384,3.1
"674","Kentucky",1999,"Male",175,881131,19.9
"675","Kentucky",2000,"Female",38,861176,4.4
"676","Kentucky",2000,"Male",189,880380,21.5
"677","Kentucky",2001,"Female",36,856070,4.2
"678","Kentucky",2001,"Male",175,878133,19.9
"679","Kentucky",2002,"Female",42,852937,4.9
"680","Kentucky",2002,"Male",185,875341,21.1
"681","Kentucky",2003,"Female",40,851323,4.7
"682","Kentucky",2003,"Male",196,869836,22.5
"683","Kentucky",2004,"Female",35,846902,4.1
"684","Kentucky",2004,"Male",184,872826,21.1
"685","Kentucky",2005,"Female",48,846222,5.7
"686","Kentucky",2005,"Male",178,872499,20.4
"687","Kentucky",2006,"Female",37,846356,4.4
"688","Kentucky",2006,"Male",219,869481,25.2
"689","Kentucky",2007,"Female",49,846504,5.8
"690","Kentucky",2007,"Male",216,875635,24.7
"691","Kentucky",2008,"Female",38,848472,4.5
"692","Kentucky",2008,"Male",164,871624,18.8
"693","Kentucky",2009,"Female",42,847219,5
"694","Kentucky",2009,"Male",185,875650,21.1
"695","Kentucky",2010,"Female",40,847659,4.7
"696","Kentucky",2010,"Male",176,874885,20.1
"697","Kentucky",2011,"Female",37,848138,4.4
"698","Kentucky",2011,"Male",212,874380,24.2
"699","Kentucky",2012,"Female",59,844764,7
"700","Kentucky",2012,"Male",223,874357,25.5
"701","Kentucky",2013,"Female",55,845887,6.5
"702","Kentucky",2013,"Male",207,872424,23.7
"703","Kentucky",2014,"Female",50,848824,5.9
"704","Kentucky",2014,"Male",195,876530,22.2
"705","Kentucky",2015,"Female",49,848702,5.8
"706","Kentucky",2015,"Male",236,876166,26.9
"707","Kentucky",2016,"Female",63,850648,7.4
"708","Kentucky",2016,"Male",229,881878,26
"709","Kentucky",2017,"Female",56,853240,6.6
"710","Kentucky",2017,"Male",222,884839,25.1
"711","Kentucky",2018,"Female",49,854925,5.7
"712","Kentucky",2018,"Male",257,887650,29
"713","Kentucky",2019,"Female",67,851713,7.9
"714","Kentucky",2019,"Male",225,884013,25.5
"715","Louisiana",1999,"Female",42,1006833,4.2
"716","Louisiana",1999,"Male",208,991661,21
"717","Louisiana",2000,"Female",29,999088,2.9
"718","Louisiana",2000,"Male",190,984630,19.3
"719","Louisiana",2001,"Female",40,988690,4
"720","Louisiana",2001,"Male",158,978128,16.2
"721","Louisiana",2002,"Female",35,982893,3.6
"722","Louisiana",2002,"Male",186,975985,19.1
"723","Louisiana",2003,"Female",47,979789,4.8
"724","Louisiana",2003,"Male",157,972621,16.1
"725","Louisiana",2004,"Female",39,977067,4
"726","Louisiana",2004,"Male",203,975869,20.8
"727","Louisiana",2005,"Female",49,973280,5
"728","Louisiana",2005,"Male",184,973775,18.9
"729","Louisiana",2006,"Female",39,898824,4.3
"730","Louisiana",2006,"Male",187,904619,20.7
"731","Louisiana",2007,"Female",34,910031,3.7
"732","Louisiana",2007,"Male",209,916921,22.8
"733","Louisiana",2008,"Female",37,919019,4
"734","Louisiana",2008,"Male",192,923859,20.8
"735","Louisiana",2009,"Female",30,926555,3.2
"736","Louisiana",2009,"Male",159,935660,17
"737","Louisiana",2010,"Female",31,932337,3.3
"738","Louisiana",2010,"Male",196,944499,20.8
"739","Louisiana",2011,"Female",43,937671,4.6
"740","Louisiana",2011,"Male",180,947870,19
"741","Louisiana",2012,"Female",47,940870,5
"742","Louisiana",2012,"Male",176,952982,18.5
"743","Louisiana",2013,"Female",44,945698,4.7
"744","Louisiana",2013,"Male",180,959207,18.8
"745","Louisiana",2014,"Female",60,951174,6.3
"746","Louisiana",2014,"Male",198,962495,20.6
"747","Louisiana",2015,"Female",48,953908,5
"748","Louisiana",2015,"Male",239,965545,24.8
"749","Louisiana",2016,"Female",79,953435,8.3
"750","Louisiana",2016,"Male",217,967734,22.4
"751","Louisiana",2017,"Female",58,950151,6.1
"752","Louisiana",2017,"Male",246,965077,25.5
"753","Louisiana",2018,"Female",53,940763,5.6
"754","Louisiana",2018,"Male",236,952785,24.8
"755","Louisiana",2019,"Female",40,933471,4.3
"756","Louisiana",2019,"Male",235,943868,24.9
"757","Maine",1999,"Female",16,258062,6.2
"758","Maine",1999,"Male",60,257670,23.3
"759","Maine",2000,"Female",13,256859,5.1
"760","Maine",2000,"Male",60,256300,23.4
"761","Maine",2001,"Female",13,254999,5.1
"762","Maine",2001,"Male",50,254868,19.6
"763","Maine",2002,"Female",15,254149,5.9
"764","Maine",2002,"Male",58,254689,22.8
"765","Maine",2003,"Female",NA,252698,NA
"766","Maine",2003,"Male",40,254814,15.7
"767","Maine",2004,"Female",13,250121,5.2
"768","Maine",2004,"Male",55,252728,21.8
"769","Maine",2005,"Female",NA,247716,NA
"770","Maine",2005,"Male",42,250427,16.8
"771","Maine",2006,"Female",10,245063,4.1
"772","Maine",2006,"Male",35,248381,14.1
"773","Maine",2007,"Female",13,242122,5.4
"774","Maine",2007,"Male",54,245731,22
"775","Maine",2008,"Female",NA,239416,NA
"776","Maine",2008,"Male",47,243508,19.3
"777","Maine",2009,"Female",NA,236724,NA
"778","Maine",2009,"Male",48,240880,19.9
"779","Maine",2010,"Female",12,233927,5.1
"780","Maine",2010,"Male",46,237571,19.4
"781","Maine",2011,"Female",14,231394,6.1
"782","Maine",2011,"Male",60,234721,25.6
"783","Maine",2012,"Female",NA,229877,NA
"784","Maine",2012,"Male",49,233053,21
"785","Maine",2013,"Female",13,228495,5.7
"786","Maine",2013,"Male",64,232256,27.6
"787","Maine",2014,"Female",18,228214,7.9
"788","Maine",2014,"Male",60,232687,25.8
"789","Maine",2015,"Female",NA,227439,NA
"790","Maine",2015,"Male",51,232641,21.9
"791","Maine",2016,"Female",16,228349,7
"792","Maine",2016,"Male",61,234354,26
"793","Maine",2017,"Female",11,229399,4.8
"794","Maine",2017,"Male",73,235282,31
"795","Maine",2018,"Female",19,229267,8.3
"796","Maine",2018,"Male",67,234886,28.5
"797","Maine",2019,"Female",13,230203,5.6
"798","Maine",2019,"Male",71,236583,30
"799","Maryland",1999,"Female",36,1147103,3.1
"800","Maryland",1999,"Male",161,1125812,14.3
"801","Maryland",2000,"Female",34,1148651,3
"802","Maryland",2000,"Male",169,1127041,15
"803","Maryland",2001,"Female",31,1156194,2.7
"804","Maryland",2001,"Male",154,1134548,13.6
"805","Maryland",2002,"Female",36,1163777,3.1
"806","Maryland",2002,"Male",163,1141848,14.3
"807","Maryland",2003,"Female",32,1166226,2.7
"808","Maryland",2003,"Male",162,1146925,14.1
"809","Maryland",2004,"Female",31,1165484,2.7
"810","Maryland",2004,"Male",146,1147235,12.7
"811","Maryland",2005,"Female",31,1165510,2.7
"812","Maryland",2005,"Male",160,1151672,13.9
"813","Maryland",2006,"Female",31,1164665,2.7
"814","Maryland",2006,"Male",166,1155187,14.4
"815","Maryland",2007,"Female",38,1161392,3.3
"816","Maryland",2007,"Male",163,1153416,14.1
"817","Maryland",2008,"Female",29,1158018,2.5
"818","Maryland",2008,"Male",148,1151807,12.8
"819","Maryland",2009,"Female",43,1159254,3.7
"820","Maryland",2009,"Male",162,1153238,14
"821","Maryland",2010,"Female",35,1162134,3
"822","Maryland",2010,"Male",142,1156285,12.3
"823","Maryland",2011,"Female",32,1162219,2.8
"824","Maryland",2011,"Male",168,1161300,14.5
"825","Maryland",2012,"Female",36,1168889,3.1
"826","Maryland",2012,"Male",154,1172559,13.1
"827","Maryland",2013,"Female",47,1172441,4
"828","Maryland",2013,"Male",168,1181221,14.2
"829","Maryland",2014,"Female",36,1182848,3
"830","Maryland",2014,"Male",168,1189806,14.1
"831","Maryland",2015,"Female",44,1186406,3.7
"832","Maryland",2015,"Male",153,1193873,12.8
"833","Maryland",2016,"Female",40,1186606,3.4
"834","Maryland",2016,"Male",167,1192006,14
"835","Maryland",2017,"Female",58,1189337,4.9
"836","Maryland",2017,"Male",186,1199248,15.5
"837","Maryland",2018,"Female",52,1184363,4.4
"838","Maryland",2018,"Male",188,1194211,15.7
"839","Maryland",2019,"Female",46,1179838,3.9
"840","Maryland",2019,"Male",206,1188283,17.3
"841","Massachusetts",1999,"Female",39,1368361,2.9
"842","Massachusetts",1999,"Male",155,1355946,11.4
"843","Massachusetts",2000,"Female",39,1365991,2.9
"844","Massachusetts",2000,"Male",133,1352653,9.8
"845","Massachusetts",2001,"Female",34,1366264,2.5
"846","Massachusetts",2001,"Male",146,1354957,10.8
"847","Massachusetts",2002,"Female",28,1359061,2.1
"848","Massachusetts",2002,"Male",152,1350897,11.3
"849","Massachusetts",2003,"Female",34,1348623,2.5
"850","Massachusetts",2003,"Male",134,1341497,10
"851","Massachusetts",2004,"Female",27,1331733,2
"852","Massachusetts",2004,"Male",138,1325543,10.4
"853","Massachusetts",2005,"Female",34,1317925,2.6
"854","Massachusetts",2005,"Male",148,1311539,11.3
"855","Massachusetts",2006,"Female",41,1310243,3.1
"856","Massachusetts",2006,"Male",111,1304425,8.5
"857","Massachusetts",2007,"Female",30,1305417,2.3
"858","Massachusetts",2007,"Male",164,1299636,12.6
"859","Massachusetts",2008,"Female",43,1305814,3.3
"860","Massachusetts",2008,"Male",125,1298427,9.6
"861","Massachusetts",2009,"Female",34,1309821,2.6
"862","Massachusetts",2009,"Male",138,1301119,10.6
"863","Massachusetts",2010,"Female",47,1308468,3.6
"864","Massachusetts",2010,"Male",175,1298905,13.5
"865","Massachusetts",2011,"Female",51,1305755,3.9
"866","Massachusetts",2011,"Male",140,1301199,10.8
"867","Massachusetts",2012,"Female",52,1315289,4
"868","Massachusetts",2012,"Male",169,1312332,12.9
"869","Massachusetts",2013,"Female",60,1326070,4.5
"870","Massachusetts",2013,"Male",166,1324230,12.5
"871","Massachusetts",2014,"Female",38,1342160,2.8
"872","Massachusetts",2014,"Male",166,1339942,12.4
"873","Massachusetts",2015,"Female",58,1352343,4.3
"874","Massachusetts",2015,"Male",180,1352281,13.3
"875","Massachusetts",2016,"Female",57,1358155,4.2
"876","Massachusetts",2016,"Male",184,1362301,13.5
"877","Massachusetts",2017,"Female",60,1368541,4.4
"878","Massachusetts",2017,"Male",209,1375492,15.2
"879","Massachusetts",2018,"Female",61,1382859,4.4
"880","Massachusetts",2018,"Male",190,1388750,13.7
"881","Massachusetts",2019,"Female",51,1374993,3.7
"882","Massachusetts",2019,"Male",173,1381971,12.5
"883","Michigan",1999,"Female",69,2115952,3.3
"884","Michigan",1999,"Male",381,2154143,17.7
"885","Michigan",2000,"Female",70,2109590,3.3
"886","Michigan",2000,"Male",327,2150666,15.2
"887","Michigan",2001,"Female",73,2101972,3.5
"888","Michigan",2001,"Male",377,2145399,17.6
"889","Michigan",2002,"Female",81,2091623,3.9
"890","Michigan",2002,"Male",387,2136353,18.1
"891","Michigan",2003,"Female",81,2078828,3.9
"892","Michigan",2003,"Male",373,2126802,17.5
"893","Michigan",2004,"Female",75,2061295,3.6
"894","Michigan",2004,"Male",361,2107578,17.1
"895","Michigan",2005,"Female",92,2041946,4.5
"896","Michigan",2005,"Male",347,2088147,16.6
"897","Michigan",2006,"Female",66,2019756,3.3
"898","Michigan",2006,"Male",346,2064416,16.8
"899","Michigan",2007,"Female",77,1992302,3.9
"900","Michigan",2007,"Male",328,2034001,16.1
"901","Michigan",2008,"Female",89,1961938,4.5
"902","Michigan",2008,"Male",362,1999976,18.1
"903","Michigan",2009,"Female",91,1933070,4.7
"904","Michigan",2009,"Male",317,1967887,16.1
"905","Michigan",2010,"Female",80,1913190,4.2
"906","Michigan",2010,"Male",381,1947339,19.6
"907","Michigan",2011,"Female",84,1897185,4.4
"908","Michigan",2011,"Male",373,1933833,19.3
"909","Michigan",2012,"Female",98,1888727,5.2
"910","Michigan",2012,"Male",391,1926765,20.3
"911","Michigan",2013,"Female",100,1885502,5.3
"912","Michigan",2013,"Male",376,1926075,19.5
"913","Michigan",2014,"Female",108,1887982,5.7
"914","Michigan",2014,"Male",401,1931029,20.8
"915","Michigan",2015,"Female",115,1887821,6.1
"916","Michigan",2015,"Male",415,1935271,21.4
"917","Michigan",2016,"Female",100,1889663,5.3
"918","Michigan",2016,"Male",416,1945926,21.4
"919","Michigan",2017,"Female",107,1893622,5.7
"920","Michigan",2017,"Male",440,1953863,22.5
"921","Michigan",2018,"Female",126,1899983,6.6
"922","Michigan",2018,"Male",508,1964154,25.9
"923","Michigan",2019,"Female",112,1890496,5.9
"924","Michigan",2019,"Male",451,1957135,23
"925","Minnesota",1999,"Female",31,1059771,2.9
"926","Minnesota",1999,"Male",182,1094037,16.6
"927","Minnesota",2000,"Female",32,1061182,3
"928","Minnesota",2000,"Male",173,1096286,15.8
"929","Minnesota",2001,"Female",36,1061581,3.4
"930","Minnesota",2001,"Male",180,1098436,16.4
"931","Minnesota",2002,"Female",34,1058021,3.2
"932","Minnesota",2002,"Male",182,1096366,16.6
"933","Minnesota",2003,"Female",37,1052468,3.5
"934","Minnesota",2003,"Male",199,1093166,18.2
"935","Minnesota",2004,"Female",38,1047619,3.6
"936","Minnesota",2004,"Male",193,1087518,17.7
"937","Minnesota",2005,"Female",43,1044006,4.1
"938","Minnesota",2005,"Male",186,1083630,17.2
"939","Minnesota",2006,"Female",42,1044669,4
"940","Minnesota",2006,"Male",189,1084579,17.4
"941","Minnesota",2007,"Female",42,1045923,4
"942","Minnesota",2007,"Male",191,1084973,17.6
"943","Minnesota",2008,"Female",33,1046462,3.2
"944","Minnesota",2008,"Male",200,1085630,18.4
"945","Minnesota",2009,"Female",36,1044611,3.4
"946","Minnesota",2009,"Male",178,1081630,16.5
"947","Minnesota",2010,"Female",55,1041997,5.3
"948","Minnesota",2010,"Male",189,1077601,17.5
"949","Minnesota",2011,"Female",54,1041910,5.2
"950","Minnesota",2011,"Male",202,1079990,18.7
"951","Minnesota",2012,"Female",47,1046078,4.5
"952","Minnesota",2012,"Male",197,1083557,18.2
"953","Minnesota",2013,"Female",54,1053967,5.1
"954","Minnesota",2013,"Male",211,1090637,19.3
"955","Minnesota",2014,"Female",69,1063136,6.5
"956","Minnesota",2014,"Male",215,1100153,19.5
"957","Minnesota",2015,"Female",63,1069116,5.9
"958","Minnesota",2015,"Male",245,1106221,22.1
"959","Minnesota",2016,"Female",74,1075106,6.9
"960","Minnesota",2016,"Male",236,1117111,21.1
"961","Minnesota",2017,"Female",59,1089018,5.4
"962","Minnesota",2017,"Male",262,1131363,23.2
"963","Minnesota",2018,"Female",56,1095262,5.1
"964","Minnesota",2018,"Male",279,1137879,24.5
"965","Minnesota",2019,"Female",80,1097799,7.3
"966","Minnesota",2019,"Male",254,1140439,22.3
"967","Mississippi",1999,"Female",20,634008,3.2
"968","Mississippi",1999,"Male",105,626832,16.8
"969","Mississippi",2000,"Female",23,632392,3.6
"970","Mississippi",2000,"Male",117,626592,18.7
"971","Mississippi",2001,"Female",22,626565,3.5
"972","Mississippi",2001,"Male",127,623033,20.4
"973","Mississippi",2002,"Female",25,622210,4
"974","Mississippi",2002,"Male",128,618967,20.7
"975","Mississippi",2003,"Female",33,619042,5.3
"976","Mississippi",2003,"Male",105,616407,17
"977","Mississippi",2004,"Female",21,618499,3.4
"978","Mississippi",2004,"Male",122,614925,19.8
"979","Mississippi",2005,"Female",34,616330,5.5
"980","Mississippi",2005,"Male",128,612827,20.9
"981","Mississippi",2006,"Female",24,611047,3.9
"982","Mississippi",2006,"Male",102,608295,16.8
"983","Mississippi",2007,"Female",26,611537,4.3
"984","Mississippi",2007,"Male",129,610214,21.1
"985","Mississippi",2008,"Female",22,611995,3.6
"986","Mississippi",2008,"Male",138,610658,22.6
"987","Mississippi",2009,"Female",29,610941,4.7
"988","Mississippi",2009,"Male",108,609624,17.7
"989","Mississippi",2010,"Female",19,609763,3.1
"990","Mississippi",2010,"Male",118,608619,19.4
"991","Mississippi",2011,"Female",29,608745,4.8
"992","Mississippi",2011,"Male",120,607705,19.7
"993","Mississippi",2012,"Female",28,607122,4.6
"994","Mississippi",2012,"Male",123,605816,20.3
"995","Mississippi",2013,"Female",28,605141,4.6
"996","Mississippi",2013,"Male",112,608144,18.4
"997","Mississippi",2014,"Female",27,605199,4.5
"998","Mississippi",2014,"Male",119,607482,19.6
"999","Mississippi",2015,"Female",32,604212,5.3
"1000","Mississippi",2015,"Male",127,605127,21
"1001","Mississippi",2016,"Female",25,603296,4.1
"1002","Mississippi",2016,"Male",128,603930,21.2
"1003","Mississippi",2017,"Female",42,601117,7
"1004","Mississippi",2017,"Male",140,602334,23.2
"1005","Mississippi",2018,"Female",25,600104,4.2
"1006","Mississippi",2018,"Male",146,603692,24.2
"1007","Mississippi",2019,"Female",25,593810,4.2
"1008","Mississippi",2019,"Male",152,598154,25.4
"1009","Missouri",1999,"Female",59,1184125,5
"1010","Missouri",1999,"Male",261,1194882,21.8
"1011","Missouri",2000,"Female",57,1182284,4.8
"1012","Missouri",2000,"Male",256,1194573,21.4
"1013","Missouri",2001,"Female",39,1179573,3.3
"1014","Missouri",2001,"Male",263,1193714,22
"1015","Missouri",2002,"Female",33,1177481,2.8
"1016","Missouri",2002,"Male",216,1192474,18.1
"1017","Missouri",2003,"Female",44,1175169,3.7
"1018","Missouri",2003,"Male",200,1189435,16.8
"1019","Missouri",2004,"Female",56,1172519,4.8
"1020","Missouri",2004,"Male",230,1189728,19.3
"1021","Missouri",2005,"Female",52,1171730,4.4
"1022","Missouri",2005,"Male",230,1189134,19.3
"1023","Missouri",2006,"Female",59,1175098,5
"1024","Missouri",2006,"Male",243,1193580,20.4
"1025","Missouri",2007,"Female",62,1177001,5.3
"1026","Missouri",2007,"Male",236,1196528,19.7
"1027","Missouri",2008,"Female",45,1177980,3.8
"1028","Missouri",2008,"Male",258,1198535,21.5
"1029","Missouri",2009,"Female",68,1179678,5.8
"1030","Missouri",2009,"Male",262,1200070,21.8
"1031","Missouri",2010,"Female",59,1178704,5
"1032","Missouri",2010,"Male",264,1198833,22
"1033","Missouri",2011,"Female",71,1176737,6
"1034","Missouri",2011,"Male",269,1196326,22.5
"1035","Missouri",2012,"Female",75,1174566,6.4
"1036","Missouri",2012,"Male",273,1195463,22.8
"1037","Missouri",2013,"Female",70,1176460,6
"1038","Missouri",2013,"Male",272,1199831,22.7
"1039","Missouri",2014,"Female",69,1181165,5.8
"1040","Missouri",2014,"Male",295,1205967,24.5
"1041","Missouri",2015,"Female",89,1184145,7.5
"1042","Missouri",2015,"Male",319,1210733,26.3
"1043","Missouri",2016,"Female",110,1184509,9.3
"1044","Missouri",2016,"Male",365,1216440,30
"1045","Missouri",2017,"Female",74,1187627,6.2
"1046","Missouri",2017,"Male",394,1219719,32.3
"1047","Missouri",2018,"Female",115,1189790,9.7
"1048","Missouri",2018,"Male",393,1220612,32.2
"1049","Missouri",2019,"Female",83,1189277,7
"1050","Missouri",2019,"Male",379,1219239,31.1
"1051","Montana",1999,"Female",NA,181578,NA
"1052","Montana",1999,"Male",49,188811,26
"1053","Montana",2000,"Female",10,180729,5.5
"1054","Montana",2000,"Male",62,188117,33
"1055","Montana",2001,"Female",11,178795,6.2
"1056","Montana",2001,"Male",60,187086,32.1
"1057","Montana",2002,"Female",11,177763,6.2
"1058","Montana",2002,"Male",63,186098,33.9
"1059","Montana",2003,"Female",15,177325,8.5
"1060","Montana",2003,"Male",62,186442,33.3
"1061","Montana",2004,"Female",NA,177220,NA
"1062","Montana",2004,"Male",60,187129,32.1
"1063","Montana",2005,"Female",13,177748,7.3
"1064","Montana",2005,"Male",70,187972,37.2
"1065","Montana",2006,"Female",10,178438,5.6
"1066","Montana",2006,"Male",67,189703,35.3
"1067","Montana",2007,"Female",12,179530,6.7
"1068","Montana",2007,"Male",48,190895,25.1
"1069","Montana",2008,"Female",16,180660,8.9
"1070","Montana",2008,"Male",79,192445,41.1
"1071","Montana",2009,"Female",13,180839,7.2
"1072","Montana",2009,"Male",68,192784,35.3
"1073","Montana",2010,"Female",16,180652,8.9
"1074","Montana",2010,"Male",66,192773,34.2
"1075","Montana",2011,"Female",17,181884,9.3
"1076","Montana",2011,"Male",64,194291,32.9
"1077","Montana",2012,"Female",20,183057,10.9
"1078","Montana",2012,"Male",71,195830,36.3
"1079","Montana",2013,"Female",29,185759,15.6
"1080","Montana",2013,"Male",71,198365,35.8
"1081","Montana",2014,"Female",24,188024,12.8
"1082","Montana",2014,"Male",61,200710,30.4
"1083","Montana",2015,"Female",26,190036,13.7
"1084","Montana",2015,"Male",69,203117,34
"1085","Montana",2016,"Female",21,191480,11
"1086","Montana",2016,"Male",105,205127,51.2
"1087","Montana",2017,"Female",28,193394,14.5
"1088","Montana",2017,"Male",93,207769,44.8
"1089","Montana",2018,"Female",26,196124,13.3
"1090","Montana",2018,"Male",91,210550,43.2
"1091","Montana",2019,"Female",33,196989,16.8
"1092","Montana",2019,"Male",83,211414,39.3
"1093","Nebraska",1999,"Female",13,362517,3.6
"1094","Nebraska",1999,"Male",78,376599,20.7
"1095","Nebraska",2000,"Female",16,361373,4.4
"1096","Nebraska",2000,"Male",66,376101,17.5
"1097","Nebraska",2001,"Female",11,358879,3.1
"1098","Nebraska",2001,"Male",73,374336,19.5
"1099","Nebraska",2002,"Female",16,357207,4.5
"1100","Nebraska",2002,"Male",67,373445,17.9
"1101","Nebraska",2003,"Female",NA,356282,NA
"1102","Nebraska",2003,"Male",78,372503,20.9
"1103","Nebraska",2004,"Female",12,355169,3.4
"1104","Nebraska",2004,"Male",59,371780,15.9
"1105","Nebraska",2005,"Female",17,355026,4.8
"1106","Nebraska",2005,"Male",67,371899,18
"1107","Nebraska",2006,"Female",11,355471,3.1
"1108","Nebraska",2006,"Male",71,371851,19.1
"1109","Nebraska",2007,"Female",14,355899,3.9
"1110","Nebraska",2007,"Male",59,371473,15.9
"1111","Nebraska",2008,"Female",14,357096,3.9
"1112","Nebraska",2008,"Male",66,372772,17.7
"1113","Nebraska",2009,"Female",NA,358960,NA
"1114","Nebraska",2009,"Male",56,374557,15
"1115","Nebraska",2010,"Female",14,360479,3.9
"1116","Nebraska",2010,"Male",52,375970,13.8
"1117","Nebraska",2011,"Female",19,363228,5.2
"1118","Nebraska",2011,"Male",59,379079,15.6
"1119","Nebraska",2012,"Female",19,365040,5.2
"1120","Nebraska",2012,"Male",72,381469,18.9
"1121","Nebraska",2013,"Female",14,368939,3.8
"1122","Nebraska",2013,"Male",69,385970,17.9
"1123","Nebraska",2014,"Female",18,372524,4.8
"1124","Nebraska",2014,"Male",95,390099,24.4
"1125","Nebraska",2015,"Female",25,375888,6.7
"1126","Nebraska",2015,"Male",79,394058,20
"1127","Nebraska",2016,"Female",19,378577,5
"1128","Nebraska",2016,"Male",102,396647,25.7
"1129","Nebraska",2017,"Female",28,381159,7.3
"1130","Nebraska",2017,"Male",100,400912,24.9
"1131","Nebraska",2018,"Female",15,382986,3.9
"1132","Nebraska",2018,"Male",89,403317,22.1
"1133","Nebraska",2019,"Female",22,383511,5.7
"1134","Nebraska",2019,"Male",103,403966,25.5
"1135","Nevada",1999,"Female",27,405051,6.7
"1136","Nevada",1999,"Male",128,439953,29.1
"1137","Nevada",2000,"Female",22,416064,5.3
"1138","Nevada",2000,"Male",134,452825,29.6
"1139","Nevada",2001,"Female",33,434345,7.6
"1140","Nevada",2001,"Male",94,470640,20
"1141","Nevada",2002,"Female",25,447760,5.6
"1142","Nevada",2002,"Male",113,482380,23.4
"1143","Nevada",2003,"Female",30,461499,6.5
"1144","Nevada",2003,"Male",127,494914,25.7
"1145","Nevada",2004,"Female",38,479912,7.9
"1146","Nevada",2004,"Male",94,513942,18.3
"1147","Nevada",2005,"Female",31,497871,6.2
"1148","Nevada",2005,"Male",128,531787,24.1
"1149","Nevada",2006,"Female",39,518270,7.5
"1150","Nevada",2006,"Male",135,552127,24.5
"1151","Nevada",2007,"Female",31,535162,5.8
"1152","Nevada",2007,"Male",116,567649,20.4
"1153","Nevada",2008,"Female",35,544139,6.4
"1154","Nevada",2008,"Male",134,576229,23.3
"1155","Nevada",2009,"Female",32,547408,5.8
"1156","Nevada",2009,"Male",117,577331,20.3
"1157","Nevada",2010,"Female",40,547259,7.3
"1158","Nevada",2010,"Male",136,574961,23.7
"1159","Nevada",2011,"Female",40,545178,7.3
"1160","Nevada",2011,"Male",126,573523,22
"1161","Nevada",2012,"Female",36,548668,6.6
"1162","Nevada",2012,"Male",121,577569,20.9
"1163","Nevada",2013,"Female",34,551672,6.2
"1164","Nevada",2013,"Male",136,580026,23.4
"1165","Nevada",2014,"Female",34,561314,6.1
"1166","Nevada",2014,"Male",149,585627,25.4
"1167","Nevada",2015,"Female",56,571091,9.8
"1168","Nevada",2015,"Male",129,593161,21.7
"1169","Nevada",2016,"Female",51,578384,8.8
"1170","Nevada",2016,"Male",160,600302,26.7
"1171","Nevada",2017,"Female",52,589194,8.8
"1172","Nevada",2017,"Male",170,614223,27.7
"1173","Nevada",2018,"Female",53,595467,8.9
"1174","Nevada",2018,"Male",175,620927,28.2
"1175","Nevada",2019,"Female",41,602452,6.8
"1176","Nevada",2019,"Male",197,630099,31.3
"1177","New Hampshire",1999,"Female",14,258707,5.4
"1178","New Hampshire",1999,"Male",48,258978,18.5
"1179","New Hampshire",2000,"Female",NA,259121,NA
"1180","New Hampshire",2000,"Male",47,259303,18.1
"1181","New Hampshire",2001,"Female",11,259591,4.2
"1182","New Hampshire",2001,"Male",67,261075,25.7
"1183","New Hampshire",2002,"Female",10,259398,3.9
"1184","New Hampshire",2002,"Male",46,261676,17.6
"1185","New Hampshire",2003,"Female",16,258005,6.2
"1186","New Hampshire",2003,"Male",47,261741,18
"1187","New Hampshire",2004,"Female",10,256228,3.9
"1188","New Hampshire",2004,"Male",40,259926,15.4
"1189","New Hampshire",2005,"Female",11,254492,4.3
"1190","New Hampshire",2005,"Male",37,259007,14.3
"1191","New Hampshire",2006,"Female",12,252692,4.7
"1192","New Hampshire",2006,"Male",36,257863,14
"1193","New Hampshire",2007,"Female",15,250272,6
"1194","New Hampshire",2007,"Male",26,255642,10.2
"1195","New Hampshire",2008,"Female",18,247947,7.3
"1196","New Hampshire",2008,"Male",40,253035,15.8
"1197","New Hampshire",2009,"Female",10,244586,4.1
"1198","New Hampshire",2009,"Male",49,249986,19.6
"1199","New Hampshire",2010,"Female",NA,242155,NA
"1200","New Hampshire",2010,"Male",59,247255,23.9
"1201","New Hampshire",2011,"Female",NA,239285,NA
"1202","New Hampshire",2011,"Male",49,245884,19.9
"1203","New Hampshire",2012,"Female",11,238224,4.6
"1204","New Hampshire",2012,"Male",48,245036,19.6
"1205","New Hampshire",2013,"Female",14,237886,5.9
"1206","New Hampshire",2013,"Male",44,245185,17.9
"1207","New Hampshire",2014,"Female",22,239233,9.2
"1208","New Hampshire",2014,"Male",75,246462,30.4
"1209","New Hampshire",2015,"Female",18,239701,7.5
"1210","New Hampshire",2015,"Male",47,247493,19
"1211","New Hampshire",2016,"Female",17,240073,7.1
"1212","New Hampshire",2016,"Male",67,249636,26.8
"1213","New Hampshire",2017,"Female",16,241433,6.6
"1214","New Hampshire",2017,"Male",89,251710,35.4
"1215","New Hampshire",2018,"Female",19,244101,7.8
"1216","New Hampshire",2018,"Male",64,255748,25
"1217","New Hampshire",2019,"Female",18,244356,7.4
"1218","New Hampshire",2019,"Male",83,256435,32.4
"1219","New Jersey",1999,"Female",47,1742901,2.7
"1220","New Jersey",1999,"Male",178,1770012,10.1
"1221","New Jersey",2000,"Female",38,1742346,2.2
"1222","New Jersey",2000,"Male",163,1770490,9.2
"1223","New Jersey",2001,"Female",58,1744358,3.3
"1224","New Jersey",2001,"Male",174,1772651,9.8
"1225","New Jersey",2002,"Female",33,1744154,1.9
"1226","New Jersey",2002,"Male",151,1773329,8.5
"1227","New Jersey",2003,"Female",38,1739734,2.2
"1228","New Jersey",2003,"Male",173,1770646,9.8
"1229","New Jersey",2004,"Female",47,1729577,2.7
"1230","New Jersey",2004,"Male",184,1762967,10.4
"1231","New Jersey",2005,"Female",41,1718989,2.4
"1232","New Jersey",2005,"Male",163,1754888,9.3
"1233","New Jersey",2006,"Female",36,1709515,2.1
"1234","New Jersey",2006,"Male",161,1745344,9.2
"1235","New Jersey",2007,"Female",44,1701133,2.6
"1236","New Jersey",2007,"Male",184,1739128,10.6
"1237","New Jersey",2008,"Female",37,1696870,2.2
"1238","New Jersey",2008,"Male",171,1737928,9.8
"1239","New Jersey",2009,"Female",26,1694878,1.5
"1240","New Jersey",2009,"Male",175,1734946,10.1
"1241","New Jersey",2010,"Female",52,1693223,3.1
"1242","New Jersey",2010,"Male",172,1731629,9.9
"1243","New Jersey",2011,"Female",51,1682405,3
"1244","New Jersey",2011,"Male",168,1729178,9.7
"1245","New Jersey",2012,"Female",46,1685782,2.7
"1246","New Jersey",2012,"Male",204,1734608,11.8
"1247","New Jersey",2013,"Female",54,1686573,3.2
"1248","New Jersey",2013,"Male",196,1738877,11.3
"1249","New Jersey",2014,"Female",62,1695844,3.7
"1250","New Jersey",2014,"Male",203,1745915,11.6
"1251","New Jersey",2015,"Female",65,1698344,3.8
"1252","New Jersey",2015,"Male",201,1746990,11.5
"1253","New Jersey",2016,"Female",50,1696124,2.9
"1254","New Jersey",2016,"Male",164,1748023,9.4
"1255","New Jersey",2017,"Female",83,1705962,4.9
"1256","New Jersey",2017,"Male",183,1754885,10.4
"1257","New Jersey",2018,"Female",69,1677280,4.1
"1258","New Jersey",2018,"Male",203,1727505,11.8
"1259","New Jersey",2019,"Female",61,1662987,3.7
"1260","New Jersey",2019,"Male",196,1714694,11.4
"1261","New Mexico",1999,"Female",29,392388,7.4
"1262","New Mexico",1999,"Male",124,398875,31.1
"1263","New Mexico",2000,"Female",25,391276,6.4
"1264","New Mexico",2000,"Male",139,397544,35
"1265","New Mexico",2001,"Female",27,388710,6.9
"1266","New Mexico",2001,"Male",108,396442,27.2
"1267","New Mexico",2002,"Female",24,390638,6.1
"1268","New Mexico",2002,"Male",127,398940,31.8
"1269","New Mexico",2003,"Female",20,391240,5.1
"1270","New Mexico",2003,"Male",141,401782,35.1
"1271","New Mexico",2004,"Female",23,393285,5.8
"1272","New Mexico",2004,"Male",154,405168,38
"1273","New Mexico",2005,"Female",28,394487,7.1
"1274","New Mexico",2005,"Male",117,407797,28.7
"1275","New Mexico",2006,"Female",28,396723,7.1
"1276","New Mexico",2006,"Male",129,409775,31.5
"1277","New Mexico",2007,"Female",25,399452,6.3
"1278","New Mexico",2007,"Male",126,411905,30.6
"1279","New Mexico",2008,"Female",38,400412,9.5
"1280","New Mexico",2008,"Male",133,412118,32.3
"1281","New Mexico",2009,"Female",31,402690,7.7
"1282","New Mexico",2009,"Male",131,415253,31.5
"1283","New Mexico",2010,"Female",38,405286,9.4
"1284","New Mexico",2010,"Male",137,419184,32.7
"1285","New Mexico",2011,"Female",38,406886,9.3
"1286","New Mexico",2011,"Male",144,423637,34
"1287","New Mexico",2012,"Female",36,406425,8.9
"1288","New Mexico",2012,"Male",134,425320,31.5
"1289","New Mexico",2013,"Female",32,406181,7.9
"1290","New Mexico",2013,"Male",134,427731,31.3
"1291","New Mexico",2014,"Female",33,405615,8.1
"1292","New Mexico",2014,"Male",141,427365,33
"1293","New Mexico",2015,"Female",45,404045,11.1
"1294","New Mexico",2015,"Male",153,428127,35.7
"1295","New Mexico",2016,"Female",33,403828,8.2
"1296","New Mexico",2016,"Male",156,426076,36.6
"1297","New Mexico",2017,"Female",38,405751,9.4
"1298","New Mexico",2017,"Male",179,428657,41.8
"1299","New Mexico",2018,"Female",59,407348,14.5
"1300","New Mexico",2018,"Male",178,430621,41.3
"1301","New Mexico",2019,"Female",48,407518,11.8
"1302","New Mexico",2019,"Male",183,430061,42.6
"1303","New York",1999,"Female",95,4096486,2.3
"1304","New York",1999,"Male",407,4094471,9.9
"1305","New York",2000,"Female",79,4094270,1.9
"1306","New York",2000,"Male",415,4093423,10.1
"1307","New York",2001,"Female",100,4088711,2.4
"1308","New York",2001,"Male",424,4094165,10.4
"1309","New York",2002,"Female",96,4078875,2.4
"1310","New York",2002,"Male",434,4084775,10.6
"1311","New York",2003,"Female",92,4062075,2.3
"1312","New York",2003,"Male",351,4072167,8.6
"1313","New York",2004,"Female",85,4029608,2.1
"1314","New York",2004,"Male",384,4036513,9.5
"1315","New York",2005,"Female",83,3993150,2.1
"1316","New York",2005,"Male",370,4002573,9.2
"1317","New York",2006,"Female",69,3968420,1.7
"1318","New York",2006,"Male",398,3975355,10
"1319","New York",2007,"Female",103,3952619,2.6
"1320","New York",2007,"Male",368,3963374,9.3
"1321","New York",2008,"Female",103,3951537,2.6
"1322","New York",2008,"Male",363,3963059,9.2
"1323","New York",2009,"Female",106,3952672,2.7
"1324","New York",2009,"Male",377,3960070,9.5
"1325","New York",2010,"Female",109,3947600,2.8
"1326","New York",2010,"Male",405,3954530,10.2
"1327","New York",2011,"Female",128,3930272,3.3
"1328","New York",2011,"Male",474,3951592,12
"1329","New York",2012,"Female",140,3940668,3.6
"1330","New York",2012,"Male",443,3966498,11.2
"1331","New York",2013,"Female",133,3948162,3.4
"1332","New York",2013,"Male",441,3977706,11.1
"1333","New York",2014,"Female",151,3972148,3.8
"1334","New York",2014,"Male",452,3995307,11.3
"1335","New York",2015,"Female",130,3974241,3.3
"1336","New York",2015,"Male",432,3999134,10.8
"1337","New York",2016,"Female",158,3957310,4
"1338","New York",2016,"Male",452,3986900,11.3
"1339","New York",2017,"Female",154,3958230,3.9
"1340","New York",2017,"Male",493,3992233,12.3
"1341","New York",2018,"Female",147,3862692,3.8
"1342","New York",2018,"Male",481,3897664,12.3
"1343","New York",2019,"Female",150,3822649,3.9
"1344","New York",2019,"Male",503,3861958,13
"1345","North Carolina",1999,"Female",66,1722176,3.8
"1346","North Carolina",1999,"Male",336,1787688,18.8
"1347","North Carolina",2000,"Female",81,1732214,4.7
"1348","North Carolina",2000,"Male",337,1805447,18.7
"1349","North Carolina",2001,"Female",76,1749699,4.3
"1350","North Carolina",2001,"Male",331,1824071,18.1
"1351","North Carolina",2002,"Female",61,1761744,3.5
"1352","North Carolina",2002,"Male",311,1827647,17
"1353","North Carolina",2003,"Female",62,1771781,3.5
"1354","North Carolina",2003,"Male",314,1809657,17.4
"1355","North Carolina",2004,"Female",79,1782203,4.4
"1356","North Carolina",2004,"Male",353,1827026,19.3
"1357","North Carolina",2005,"Female",85,1799988,4.7
"1358","North Carolina",2005,"Male",274,1838255,14.9
"1359","North Carolina",2006,"Female",88,1830338,4.8
"1360","North Carolina",2006,"Male",327,1872629,17.5
"1361","North Carolina",2007,"Female",86,1866342,4.6
"1362","North Carolina",2007,"Male",300,1885195,15.9
"1363","North Carolina",2008,"Female",83,1894641,4.4
"1364","North Carolina",2008,"Male",341,1918970,17.8
"1365","North Carolina",2009,"Female",87,1914477,4.5
"1366","North Carolina",2009,"Male",352,1932686,18.2
"1367","North Carolina",2010,"Female",82,1920003,4.3
"1368","North Carolina",2010,"Male",326,1938701,16.8
"1369","North Carolina",2011,"Female",87,1927107,4.5
"1370","North Carolina",2011,"Male",345,1945830,17.7
"1371","North Carolina",2012,"Female",91,1932212,4.7
"1372","North Carolina",2012,"Male",330,1958159,16.9
"1373","North Carolina",2013,"Female",83,1940339,4.3
"1374","North Carolina",2013,"Male",342,1970898,17.4
"1375","North Carolina",2014,"Female",129,1956280,6.6
"1376","North Carolina",2014,"Male",338,1984549,17
"1377","North Carolina",2015,"Female",88,1971185,4.5
"1378","North Carolina",2015,"Male",357,2000667,17.8
"1379","North Carolina",2016,"Female",120,1992637,6
"1380","North Carolina",2016,"Male",373,2005626,18.6
"1381","North Carolina",2017,"Female",123,2012644,6.1
"1382","North Carolina",2017,"Male",458,2042066,22.4
"1383","North Carolina",2018,"Female",105,2035835,5.2
"1384","North Carolina",2018,"Male",422,2062174,20.5
"1385","North Carolina",2019,"Female",101,2052075,4.9
"1386","North Carolina",2019,"Male",419,2078920,20.2
"1387","North Dakota",1999,"Female",NA,134551,NA
"1388","North Dakota",1999,"Male",29,144539,20.1
"1389","North Dakota",2000,"Female",NA,132903,NA
"1390","North Dakota",2000,"Male",33,142560,23.1
"1391","North Dakota",2001,"Female",10,130762,7.6
"1392","North Dakota",2001,"Male",30,140521,21.3
"1393","North Dakota",2002,"Female",NA,129279,NA
"1394","North Dakota",2002,"Male",29,139442,20.8
"1395","North Dakota",2003,"Female",NA,128132,NA
"1396","North Dakota",2003,"Male",30,138927,21.6
"1397","North Dakota",2004,"Female",NA,128274,NA
"1398","North Dakota",2004,"Male",32,140465,22.8
"1399","North Dakota",2005,"Female",NA,127699,NA
"1400","North Dakota",2005,"Male",46,139667,32.9
"1401","North Dakota",2006,"Female",11,127511,8.6
"1402","North Dakota",2006,"Male",41,140470,29.2
"1403","North Dakota",2007,"Female",NA,127550,NA
"1404","North Dakota",2007,"Male",40,140327,28.5
"1405","North Dakota",2008,"Female",NA,128026,NA
"1406","North Dakota",2008,"Male",34,140713,24.2
"1407","North Dakota",2009,"Female",NA,129191,NA
"1408","North Dakota",2009,"Male",43,141838,30.3
"1409","North Dakota",2010,"Female",NA,129992,NA
"1410","North Dakota",2010,"Male",44,143778,30.6
"1411","North Dakota",2011,"Female",NA,132450,NA
"1412","North Dakota",2011,"Male",30,147557,20.3
"1413","North Dakota",2012,"Female",NA,136211,NA
"1414","North Dakota",2012,"Male",44,153437,28.7
"1415","North Dakota",2013,"Female",NA,142237,NA
"1416","North Dakota",2013,"Male",65,162397,40
"1417","North Dakota",2014,"Female",13,146346,8.9
"1418","North Dakota",2014,"Male",50,167501,29.9
"1419","North Dakota",2015,"Female",14,151011,9.3
"1420","North Dakota",2015,"Male",48,173520,27.7
"1421","North Dakota",2016,"Female",10,150969,6.6
"1422","North Dakota",2016,"Male",55,171922,32
"1423","North Dakota",2017,"Female",19,150228,12.6
"1424","North Dakota",2017,"Male",68,171271,39.7
"1425","North Dakota",2018,"Female",21,151584,13.9
"1426","North Dakota",2018,"Male",59,171620,34.4
"1427","North Dakota",2019,"Female",12,152172,7.9
"1428","North Dakota",2019,"Male",52,171089,30.4
"1429","Ohio",1999,"Female",72,2394632,3
"1430","Ohio",1999,"Male",392,2410689,16.3
"1431","Ohio",2000,"Female",63,2379570,2.6
"1432","Ohio",2000,"Male",346,2397702,14.4
"1433","Ohio",2001,"Female",77,2360832,3.3
"1434","Ohio",2001,"Male",405,2382827,17
"1435","Ohio",2002,"Female",83,2345506,3.5
"1436","Ohio",2002,"Male",399,2372243,16.8
"1437","Ohio",2003,"Female",75,2332093,3.2
"1438","Ohio",2003,"Male",363,2362455,15.4
"1439","Ohio",2004,"Female",92,2315774,4
"1440","Ohio",2004,"Male",429,2345720,18.3
"1441","Ohio",2005,"Female",87,2297809,3.8
"1442","Ohio",2005,"Male",422,2330209,18.1
"1443","Ohio",2006,"Female",110,2283622,4.8
"1444","Ohio",2006,"Male",415,2318533,17.9
"1445","Ohio",2007,"Female",71,2270217,3.1
"1446","Ohio",2007,"Male",415,2303960,18
"1447","Ohio",2008,"Female",105,2257925,4.7
"1448","Ohio",2008,"Male",456,2290325,19.9
"1449","Ohio",2009,"Female",85,2243844,3.8
"1450","Ohio",2009,"Male",347,2273898,15.3
"1451","Ohio",2010,"Female",109,2230245,4.9
"1452","Ohio",2010,"Male",436,2259673,19.3
"1453","Ohio",2011,"Female",115,2213124,5.2
"1454","Ohio",2011,"Male",449,2246566,20
"1455","Ohio",2012,"Female",109,2205947,4.9
"1456","Ohio",2012,"Male",445,2241709,19.9
"1457","Ohio",2013,"Female",116,2209672,5.2
"1458","Ohio",2013,"Male",417,2247589,18.6
"1459","Ohio",2014,"Female",121,2214065,5.5
"1460","Ohio",2014,"Male",433,2255526,19.2
"1461","Ohio",2015,"Female",120,2217234,5.4
"1462","Ohio",2015,"Male",492,2259889,21.8
"1463","Ohio",2016,"Female",119,2217564,5.4
"1464","Ohio",2016,"Male",517,2269838,22.8
"1465","Ohio",2017,"Female",124,2228876,5.6
"1466","Ohio",2017,"Male",574,2280748,25.2
"1467","Ohio",2018,"Female",145,2236535,6.5
"1468","Ohio",2018,"Male",578,2291536,25.2
"1469","Ohio",2019,"Female",143,2231676,6.4
"1470","Ohio",2019,"Male",560,2286078,24.5
"1471","Oklahoma",1999,"Female",52,727426,7.1
"1472","Oklahoma",1999,"Male",190,757646,25.1
"1473","Oklahoma",2000,"Female",43,724688,5.9
"1474","Oklahoma",2000,"Male",198,754657,26.2
"1475","Oklahoma",2001,"Female",34,720121,4.7
"1476","Oklahoma",2001,"Male",185,753095,24.6
"1477","Oklahoma",2002,"Female",39,719204,5.4
"1478","Oklahoma",2002,"Male",179,753647,23.8
"1479","Oklahoma",2003,"Female",29,717631,4
"1480","Oklahoma",2003,"Male",172,747981,23
"1481","Oklahoma",2004,"Female",36,714650,5
"1482","Oklahoma",2004,"Male",161,749640,21.5
"1483","Oklahoma",2005,"Female",45,715246,6.3
"1484","Oklahoma",2005,"Male",176,748266,23.5
"1485","Oklahoma",2006,"Female",34,721360,4.7
"1486","Oklahoma",2006,"Male",171,754240,22.7
"1487","Oklahoma",2007,"Female",44,727132,6.1
"1488","Oklahoma",2007,"Male",154,761384,20.2
"1489","Oklahoma",2008,"Female",44,732815,6
"1490","Oklahoma",2008,"Male",188,765161,24.6
"1491","Oklahoma",2009,"Female",38,741569,5.1
"1492","Oklahoma",2009,"Male",186,774326,24
"1493","Oklahoma",2010,"Female",43,746781,5.8
"1494","Oklahoma",2010,"Male",213,780106,27.3
"1495","Oklahoma",2011,"Female",60,752941,8
"1496","Oklahoma",2011,"Male",221,787265,28.1
"1497","Oklahoma",2012,"Female",51,758360,6.7
"1498","Oklahoma",2012,"Male",234,793331,29.5
"1499","Oklahoma",2013,"Female",49,765485,6.4
"1500","Oklahoma",2013,"Male",208,800389,26
"1501","Oklahoma",2014,"Female",72,773839,9.3
"1502","Oklahoma",2014,"Male",231,806368,28.6
"1503","Oklahoma",2015,"Female",63,781489,8.1
"1504","Oklahoma",2015,"Male",259,814836,31.8
"1505","Oklahoma",2016,"Female",65,784313,8.3
"1506","Oklahoma",2016,"Male",290,818778,35.4
"1507","Oklahoma",2017,"Female",72,786602,9.2
"1508","Oklahoma",2017,"Male",280,821251,34.1
"1509","Oklahoma",2018,"Female",66,789063,8.4
"1510","Oklahoma",2018,"Male",260,823505,31.6
"1511","Oklahoma",2019,"Female",74,791101,9.4
"1512","Oklahoma",2019,"Male",274,826937,33.1
"1513","Oregon",1999,"Female",31,701218,4.4
"1514","Oregon",1999,"Male",148,736273,20.1
"1515","Oregon",2000,"Female",38,703262,5.4
"1516","Oregon",2000,"Male",148,740115,20
"1517","Oregon",2001,"Female",34,707651,4.8
"1518","Oregon",2001,"Male",154,744734,20.7
"1519","Oregon",2002,"Female",24,713661,3.4
"1520","Oregon",2002,"Male",154,750328,20.5
"1521","Oregon",2003,"Female",28,715781,3.9
"1522","Oregon",2003,"Male",154,751971,20.5
"1523","Oregon",2004,"Female",47,713574,6.6
"1524","Oregon",2004,"Male",142,748911,19
"1525","Oregon",2005,"Female",30,718945,4.2
"1526","Oregon",2005,"Male",151,752540,20.1
"1527","Oregon",2006,"Female",37,728270,5.1
"1528","Oregon",2006,"Male",168,760239,22.1
"1529","Oregon",2007,"Female",40,737577,5.4
"1530","Oregon",2007,"Male",155,767582,20.2
"1531","Oregon",2008,"Female",42,745065,5.6
"1532","Oregon",2008,"Male",145,773060,18.8
"1533","Oregon",2009,"Female",44,749674,5.9
"1534","Oregon",2009,"Male",146,777352,18.8
"1535","Oregon",2010,"Female",37,749910,4.9
"1536","Oregon",2010,"Male",162,775858,20.9
"1537","Oregon",2011,"Female",43,753282,5.7
"1538","Oregon",2011,"Male",191,778637,24.5
"1539","Oregon",2012,"Female",53,755396,7
"1540","Oregon",2012,"Male",180,780522,23.1
"1541","Oregon",2013,"Female",48,761134,6.3
"1542","Oregon",2013,"Male",195,783420,24.9
"1543","Oregon",2014,"Female",58,767530,7.6
"1544","Oregon",2014,"Male",211,788981,26.7
"1545","Oregon",2015,"Female",56,778420,7.2
"1546","Oregon",2015,"Male",212,799912,26.5
"1547","Oregon",2016,"Female",57,790962,7.2
"1548","Oregon",2016,"Male",203,816993,24.8
"1549","Oregon",2017,"Female",54,802411,6.7
"1550","Oregon",2017,"Male",241,829618,29
"1551","Oregon",2018,"Female",80,811419,9.9
"1552","Oregon",2018,"Male",244,841236,29
"1553","Oregon",2019,"Female",65,815712,8
"1554","Oregon",2019,"Male",274,845434,32.4
"1555","Pennsylvania",1999,"Female",91,2490966,3.7
"1556","Pennsylvania",1999,"Male",447,2508599,17.8
"1557","Pennsylvania",2000,"Female",81,2477019,3.3
"1558","Pennsylvania",2000,"Male",453,2495788,18.2
"1559","Pennsylvania",2001,"Female",82,2457144,3.3
"1560","Pennsylvania",2001,"Male",433,2479428,17.5
"1561","Pennsylvania",2002,"Female",85,2446251,3.5
"1562","Pennsylvania",2002,"Male",457,2475471,18.5
"1563","Pennsylvania",2003,"Female",82,2438477,3.4
"1564","Pennsylvania",2003,"Male",421,2476411,17
"1565","Pennsylvania",2004,"Female",102,2427819,4.2
"1566","Pennsylvania",2004,"Male",415,2468287,16.8
"1567","Pennsylvania",2005,"Female",109,2418642,4.5
"1568","Pennsylvania",2005,"Male",410,2461733,16.7
"1569","Pennsylvania",2006,"Female",97,2415680,4
"1570","Pennsylvania",2006,"Male",415,2463900,16.8
"1571","Pennsylvania",2007,"Female",73,2411143,3
"1572","Pennsylvania",2007,"Male",442,2460436,18
"1573","Pennsylvania",2008,"Female",98,2406592,4.1
"1574","Pennsylvania",2008,"Male",427,2455886,17.4
"1575","Pennsylvania",2009,"Female",89,2404036,3.7
"1576","Pennsylvania",2009,"Male",409,2453230,16.7
"1577","Pennsylvania",2010,"Female",119,2398769,5
"1578","Pennsylvania",2010,"Male",452,2447000,18.5
"1579","Pennsylvania",2011,"Female",98,2390346,4.1
"1580","Pennsylvania",2011,"Male",485,2441999,19.9
"1581","Pennsylvania",2012,"Female",106,2386334,4.4
"1582","Pennsylvania",2012,"Male",461,2441328,18.9
"1583","Pennsylvania",2013,"Female",132,2383427,5.5
"1584","Pennsylvania",2013,"Male",444,2443446,18.2
"1585","Pennsylvania",2014,"Female",115,2387398,4.8
"1586","Pennsylvania",2014,"Male",427,2450898,17.4
"1587","Pennsylvania",2015,"Female",139,2390929,5.8
"1588","Pennsylvania",2015,"Male",483,2456282,19.7
"1589","Pennsylvania",2016,"Female",136,2386846,5.7
"1590","Pennsylvania",2016,"Male",545,2464670,22.1
"1591","Pennsylvania",2017,"Female",165,2392915,6.9
"1592","Pennsylvania",2017,"Male",531,2468579,21.5
"1593","Pennsylvania",2018,"Female",138,2392586,5.8
"1594","Pennsylvania",2018,"Male",565,2471868,22.9
"1595","Pennsylvania",2019,"Female",142,2386150,6
"1596","Pennsylvania",2019,"Male",523,2467296,21.2
"1597","Rhode Island",1999,"Female",12,222483,5.4
"1598","Rhode Island",1999,"Male",37,220264,16.8
"1599","Rhode Island",2000,"Female",NA,223333,NA
"1600","Rhode Island",2000,"Male",27,220985,12.2
"1601","Rhode Island",2001,"Female",13,223950,5.8
"1602","Rhode Island",2001,"Male",30,221605,13.5
"1603","Rhode Island",2002,"Female",NA,224720,NA
"1604","Rhode Island",2002,"Male",30,222671,13.5
"1605","Rhode Island",2003,"Female",NA,224458,NA
"1606","Rhode Island",2003,"Male",22,222474,9.9
"1607","Rhode Island",2004,"Female",NA,223297,NA
"1608","Rhode Island",2004,"Male",30,222534,13.5
"1609","Rhode Island",2005,"Female",NA,220198,NA
"1610","Rhode Island",2005,"Male",21,219425,9.6
"1611","Rhode Island",2006,"Female",NA,217349,NA
"1612","Rhode Island",2006,"Male",27,216523,12.5
"1613","Rhode Island",2007,"Female",NA,214248,NA
"1614","Rhode Island",2007,"Male",30,214104,14
"1615","Rhode Island",2008,"Female",NA,211826,NA
"1616","Rhode Island",2008,"Male",25,212378,11.8
"1617","Rhode Island",2009,"Female",NA,210226,NA
"1618","Rhode Island",2009,"Male",38,210117,18.1
"1619","Rhode Island",2010,"Female",NA,208303,NA
"1620","Rhode Island",2010,"Male",36,208426,17.3
"1621","Rhode Island",2011,"Female",NA,206358,NA
"1622","Rhode Island",2011,"Male",29,207388,14
"1623","Rhode Island",2012,"Female",NA,205497,NA
"1624","Rhode Island",2012,"Male",28,207120,13.5
"1625","Rhode Island",2013,"Female",NA,204977,NA
"1626","Rhode Island",2013,"Male",28,207743,13.5
"1627","Rhode Island",2014,"Female",NA,206558,NA
"1628","Rhode Island",2014,"Male",31,209617,14.8
"1629","Rhode Island",2015,"Female",NA,206917,NA
"1630","Rhode Island",2015,"Male",35,210013,16.7
"1631","Rhode Island",2016,"Female",11,207128,5.3
"1632","Rhode Island",2016,"Male",29,210905,13.8
"1633","Rhode Island",2017,"Female",NA,208160,NA
"1634","Rhode Island",2017,"Male",36,212041,17
"1635","Rhode Island",2018,"Female",NA,206945,NA
"1636","Rhode Island",2018,"Male",24,211554,11.3
"1637","Rhode Island",2019,"Female",12,206878,5.8
"1638","Rhode Island",2019,"Male",26,212219,12.3
"1639","South Carolina",1999,"Female",33,866387,3.8
"1640","South Carolina",1999,"Male",153,872343,17.5
"1641","South Carolina",2000,"Female",28,867335,3.2
"1642","South Carolina",2000,"Male",143,875624,16.3
"1643","South Carolina",2001,"Female",35,869904,4
"1644","South Carolina",2001,"Male",154,878583,17.5
"1645","South Carolina",2002,"Female",25,871628,2.9
"1646","South Carolina",2002,"Male",145,880752,16.5
"1647","South Carolina",2003,"Female",33,874235,3.8
"1648","South Carolina",2003,"Male",147,880290,16.7
"1649","South Carolina",2004,"Female",29,876966,3.3
"1650","South Carolina",2004,"Male",153,887414,17.2
"1651","South Carolina",2005,"Female",37,879707,4.2
"1652","South Carolina",2005,"Male",179,890611,20.1
"1653","South Carolina",2006,"Female",33,888302,3.7
"1654","South Carolina",2006,"Male",148,900242,16.4
"1655","South Carolina",2007,"Female",34,898032,3.8
"1656","South Carolina",2007,"Male",158,911546,17.3
"1657","South Carolina",2008,"Female",35,909137,3.8
"1658","South Carolina",2008,"Male",167,922408,18.1
"1659","South Carolina",2009,"Female",41,915976,4.5
"1660","South Carolina",2009,"Male",170,927824,18.3
"1661","South Carolina",2010,"Female",38,918139,4.1
"1662","South Carolina",2010,"Male",192,929368,20.7
"1663","South Carolina",2011,"Female",48,918817,5.2
"1664","South Carolina",2011,"Male",178,930793,19.1
"1665","South Carolina",2012,"Female",46,922648,5
"1666","South Carolina",2012,"Male",173,934560,18.5
"1667","South Carolina",2013,"Female",49,927654,5.3
"1668","South Carolina",2013,"Male",191,940997,20.3
"1669","South Carolina",2014,"Female",49,936410,5.2
"1670","South Carolina",2014,"Male",217,948057,22.9
"1671","South Carolina",2015,"Female",56,946787,5.9
"1672","South Carolina",2015,"Male",215,958225,22.4
"1673","South Carolina",2016,"Female",72,957208,7.5
"1674","South Carolina",2016,"Male",224,965127,23.2
"1675","South Carolina",2017,"Female",63,968868,6.5
"1676","South Carolina",2017,"Male",260,977957,26.6
"1677","South Carolina",2018,"Female",54,979842,5.5
"1678","South Carolina",2018,"Male",262,985644,26.6
"1679","South Carolina",2019,"Female",40,989068,4
"1680","South Carolina",2019,"Male",297,993118,29.9
"1681","South Dakota",1999,"Female",NA,158068,NA
"1682","South Dakota",1999,"Male",48,164777,29.1
"1683","South Dakota",2000,"Female",NA,157648,NA
"1684","South Dakota",2000,"Male",46,164680,27.9
"1685","South Dakota",2001,"Female",NA,155990,NA
"1686","South Dakota",2001,"Male",40,163607,24.4
"1687","South Dakota",2002,"Female",14,154713,9
"1688","South Dakota",2002,"Male",36,162557,22.1
"1689","South Dakota",2003,"Female",10,153458,6.5
"1690","South Dakota",2003,"Male",40,161797,24.7
"1691","South Dakota",2004,"Female",12,153085,7.8
"1692","South Dakota",2004,"Male",53,161728,32.8
"1693","South Dakota",2005,"Female",NA,152504,NA
"1694","South Dakota",2005,"Male",48,161101,29.8
"1695","South Dakota",2006,"Female",11,152597,7.2
"1696","South Dakota",2006,"Male",46,161424,28.5
"1697","South Dakota",2007,"Female",14,153326,9.1
"1698","South Dakota",2007,"Male",38,161825,23.5
"1699","South Dakota",2008,"Female",10,153976,6.5
"1700","South Dakota",2008,"Male",58,162347,35.7
"1701","South Dakota",2009,"Female",15,154550,9.7
"1702","South Dakota",2009,"Male",64,164120,39
"1703","South Dakota",2010,"Female",21,155497,13.5
"1704","South Dakota",2010,"Male",42,164882,25.5
"1705","South Dakota",2011,"Female",11,156612,7
"1706","South Dakota",2011,"Male",47,167338,28.1
"1707","South Dakota",2012,"Female",NA,158016,NA
"1708","South Dakota",2012,"Male",54,169151,31.9
"1709","South Dakota",2013,"Female",12,160340,7.5
"1710","South Dakota",2013,"Male",59,171793,34.3
"1711","South Dakota",2014,"Female",13,162187,8
"1712","South Dakota",2014,"Male",53,174081,30.4
"1713","South Dakota",2015,"Female",28,162861,17.2
"1714","South Dakota",2015,"Male",65,174532,37.2
"1715","South Dakota",2016,"Female",19,164255,11.6
"1716","South Dakota",2016,"Male",67,176914,37.9
"1717","South Dakota",2017,"Female",22,165377,13.3
"1718","South Dakota",2017,"Male",75,178292,42.1
"1719","South Dakota",2018,"Female",27,168109,16.1
"1720","South Dakota",2018,"Male",65,182134,35.7
"1721","South Dakota",2019,"Female",20,167931,11.9
"1722","South Dakota",2019,"Male",78,181428,43
"1723","Tennessee",1999,"Female",58,1212487,4.8
"1724","Tennessee",1999,"Male",261,1226331,21.3
"1725","Tennessee",2000,"Female",57,1213663,4.7
"1726","Tennessee",2000,"Male",257,1232249,20.9
"1727","Tennessee",2001,"Female",53,1213911,4.4
"1728","Tennessee",2001,"Male",250,1234809,20.2
"1729","Tennessee",2002,"Female",66,1214281,5.4
"1730","Tennessee",2002,"Male",243,1233066,19.7
"1731","Tennessee",2003,"Female",61,1215871,5
"1732","Tennessee",2003,"Male",248,1229700,20.2
"1733","Tennessee",2004,"Female",60,1215970,4.9
"1734","Tennessee",2004,"Male",248,1237092,20
"1735","Tennessee",2005,"Female",46,1223121,3.8
"1736","Tennessee",2005,"Male",248,1244122,19.9
"1737","Tennessee",2006,"Female",58,1235188,4.7
"1738","Tennessee",2006,"Male",254,1249704,20.3
"1739","Tennessee",2007,"Female",62,1245699,5
"1740","Tennessee",2007,"Male",237,1264461,18.7
"1741","Tennessee",2008,"Female",71,1254344,5.7
"1742","Tennessee",2008,"Male",269,1263239,21.3
"1743","Tennessee",2009,"Female",77,1259526,6.1
"1744","Tennessee",2009,"Male",262,1270592,20.6
"1745","Tennessee",2010,"Female",79,1260758,6.3
"1746","Tennessee",2010,"Male",295,1269232,23.2
"1747","Tennessee",2011,"Female",64,1262529,5.1
"1748","Tennessee",2011,"Male",269,1270360,21.2
"1749","Tennessee",2012,"Female",74,1268266,5.8
"1750","Tennessee",2012,"Male",244,1278565,19.1
"1751","Tennessee",2013,"Female",69,1271798,5.4
"1752","Tennessee",2013,"Male",287,1280697,22.4
"1753","Tennessee",2014,"Female",58,1282713,4.5
"1754","Tennessee",2014,"Male",281,1289698,21.8
"1755","Tennessee",2015,"Female",65,1290593,5
"1756","Tennessee",2015,"Male",314,1298621,24.2
"1757","Tennessee",2016,"Female",78,1300972,6
"1758","Tennessee",2016,"Male",330,1308710,25.2
"1759","Tennessee",2017,"Female",92,1314843,7
"1760","Tennessee",2017,"Male",334,1326162,25.2
"1761","Tennessee",2018,"Female",93,1325986,7
"1762","Tennessee",2018,"Male",346,1339060,25.8
"1763","Tennessee",2019,"Female",101,1336033,7.6
"1764","Tennessee",2019,"Male",348,1349658,25.8
"1765","Texas",1999,"Female",169,4682915,3.6
"1766","Texas",1999,"Male",735,4886201,15
"1767","Texas",2000,"Female",163,4722721,3.5
"1768","Texas",2000,"Male",782,4935073,15.8
"1769","Texas",2001,"Female",162,4794382,3.4
"1770","Texas",2001,"Male",793,5006519,15.8
"1771","Texas",2002,"Female",197,4848106,4.1
"1772","Texas",2002,"Male",796,5061779,15.7
"1773","Texas",2003,"Female",192,4892654,3.9
"1774","Texas",2003,"Male",800,5086583,15.7
"1775","Texas",2004,"Female",169,4935543,3.4
"1776","Texas",2004,"Male",770,5128002,15
"1777","Texas",2005,"Female",172,4983633,3.5
"1778","Texas",2005,"Male",835,5176686,16.1
"1779","Texas",2006,"Female",200,5092354,3.9
"1780","Texas",2006,"Male",794,5272009,15.1
"1781","Texas",2007,"Female",189,5177379,3.7
"1782","Texas",2007,"Male",817,5349114,15.3
"1783","Texas",2008,"Female",175,5260086,3.3
"1784","Texas",2008,"Male",829,5430165,15.3
"1785","Texas",2009,"Female",224,5344539,4.2
"1786","Texas",2009,"Male",917,5508509,16.6
"1787","Texas",2010,"Female",235,5397249,4.4
"1788","Texas",2010,"Male",933,5561897,16.8
"1789","Texas",2011,"Female",227,5470974,4.1
"1790","Texas",2011,"Male",940,5649440,16.6
"1791","Texas",2012,"Female",259,5530287,4.7
"1792","Texas",2012,"Male",967,5740926,16.8
"1793","Texas",2013,"Female",260,5598510,4.6
"1794","Texas",2013,"Male",977,5822182,16.8
"1795","Texas",2014,"Female",292,5712804,5.1
"1796","Texas",2014,"Male",1036,5919510,17.5
"1797","Texas",2015,"Female",316,5816583,5.4
"1798","Texas",2015,"Male",1096,6031565,18.2
"1799","Texas",2016,"Female",327,5891496,5.6
"1800","Texas",2016,"Male",1193,6112066,19.5
"1801","Texas",2017,"Female",354,5980139,5.9
"1802","Texas",2017,"Male",1347,6218660,21.7
"1803","Texas",2018,"Female",366,6072574,6
"1804","Texas",2018,"Male",1401,6316886,22.2
"1805","Texas",2019,"Female",358,6128197,5.8
"1806","Texas",2019,"Male",1371,6372059,21.5
"1807","Utah",1999,"Female",17,542125,3.1
"1808","Utah",1999,"Male",139,559546,24.8
"1809","Utah",2000,"Female",39,546477,7.1
"1810","Utah",2000,"Male",118,565000,20.9
"1811","Utah",2001,"Female",24,554476,4.3
"1812","Utah",2001,"Male",140,573719,24.4
"1813","Utah",2002,"Female",29,559958,5.2
"1814","Utah",2002,"Male",143,580869,24.6
"1815","Utah",2003,"Female",24,563156,4.3
"1816","Utah",2003,"Male",149,585342,25.5
"1817","Utah",2004,"Female",33,567703,5.8
"1818","Utah",2004,"Male",149,590625,25.2
"1819","Utah",2005,"Female",29,577583,5
"1820","Utah",2005,"Male",146,600635,24.3
"1821","Utah",2006,"Female",37,589624,6.3
"1822","Utah",2006,"Male",123,613404,20.1
"1823","Utah",2007,"Female",34,604383,5.6
"1824","Utah",2007,"Male",153,629423,24.3
"1825","Utah",2008,"Female",35,618058,5.7
"1826","Utah",2008,"Male",152,642216,23.7
"1827","Utah",2009,"Female",45,630418,7.1
"1828","Utah",2009,"Male",172,655221,26.3
"1829","Utah",2010,"Female",51,637421,8
"1830","Utah",2010,"Male",194,662227,29.3
"1831","Utah",2011,"Female",51,647804,7.9
"1832","Utah",2011,"Male",172,673465,25.5
"1833","Utah",2012,"Female",55,654394,8.4
"1834","Utah",2012,"Male",187,681050,27.5
"1835","Utah",2013,"Female",58,664947,8.7
"1836","Utah",2013,"Male",218,691232,31.5
"1837","Utah",2014,"Female",62,674633,9.2
"1838","Utah",2014,"Male",204,699485,29.2
"1839","Utah",2015,"Female",72,686369,10.5
"1840","Utah",2015,"Male",243,712295,34.1
"1841","Utah",2016,"Female",73,696942,10.5
"1842","Utah",2016,"Male",232,725805,32
"1843","Utah",2017,"Female",67,707247,9.5
"1844","Utah",2017,"Male",255,736975,34.6
"1845","Utah",2018,"Female",73,720097,10.1
"1846","Utah",2018,"Male",277,752860,36.8
"1847","Utah",2019,"Female",66,728184,9.1
"1848","Utah",2019,"Male",279,761348,36.6
"1849","Vermont",1999,"Male",23,127459,18
"1850","Vermont",2000,"Female",NA,125781,NA
"1851","Vermont",2000,"Male",23,127181,18.1
"1852","Vermont",2001,"Female",NA,124666,NA
"1853","Vermont",2001,"Male",26,126679,20.5
"1854","Vermont",2002,"Female",NA,123968,NA
"1855","Vermont",2002,"Male",23,126605,18.2
"1856","Vermont",2003,"Female",NA,123016,NA
"1857","Vermont",2003,"Male",23,125795,18.3
"1858","Vermont",2004,"Female",NA,121864,NA
"1859","Vermont",2004,"Male",21,124563,16.9
"1860","Vermont",2005,"Female",NA,120714,NA
"1861","Vermont",2005,"Male",22,123725,17.8
"1862","Vermont",2006,"Female",NA,119808,NA
"1863","Vermont",2006,"Male",17,122717,13.9
"1864","Vermont",2007,"Female",NA,118387,NA
"1865","Vermont",2007,"Male",26,121279,21.4
"1866","Vermont",2008,"Female",NA,117047,NA
"1867","Vermont",2008,"Male",24,120141,20
"1868","Vermont",2009,"Female",NA,116175,NA
"1869","Vermont",2009,"Male",20,119162,16.8
"1870","Vermont",2010,"Female",NA,115185,NA
"1871","Vermont",2010,"Male",31,118295,26.2
"1872","Vermont",2011,"Female",NA,114223,NA
"1873","Vermont",2011,"Male",31,117792,26.3
"1874","Vermont",2012,"Female",NA,113583,NA
"1875","Vermont",2012,"Male",27,117248,23
"1876","Vermont",2013,"Female",12,114030,10.5
"1877","Vermont",2013,"Male",21,117621,17.9
"1878","Vermont",2014,"Female",10,114228,8.8
"1879","Vermont",2014,"Male",41,117586,34.9
"1880","Vermont",2015,"Female",NA,114108,NA
"1881","Vermont",2015,"Male",31,117367,26.4
"1882","Vermont",2016,"Female",10,113682,8.8
"1883","Vermont",2016,"Male",31,117951,26.3
"1884","Vermont",2017,"Female",11,113291,9.7
"1885","Vermont",2017,"Male",34,117795,28.9
"1886","Vermont",2018,"Female",NA,114345,NA
"1887","Vermont",2018,"Male",41,118589,34.6
"1888","Vermont",2019,"Female",10,113222,8.8
"1889","Vermont",2019,"Male",30,117909,25.4
"1890","Virginia",1999,"Female",62,1526899,4.1
"1891","Virginia",1999,"Male",266,1566360,17
"1892","Virginia",2000,"Female",51,1532258,3.3
"1893","Virginia",2000,"Male",235,1576111,14.9
"1894","Virginia",2001,"Female",78,1543675,5.1
"1895","Virginia",2001,"Male",259,1589581,16.3
"1896","Virginia",2002,"Female",64,1551237,4.1
"1897","Virginia",2002,"Male",235,1590173,14.8
"1898","Virginia",2003,"Female",56,1555891,3.6
"1899","Virginia",2003,"Male",269,1591278,16.9
"1900","Virginia",2004,"Female",60,1566178,3.8
"1901","Virginia",2004,"Male",242,1599524,15.1
"1902","Virginia",2005,"Female",69,1574127,4.4
"1903","Virginia",2005,"Male",242,1611212,15
"1904","Virginia",2006,"Female",63,1582708,4
"1905","Virginia",2006,"Male",241,1625883,14.8
"1906","Virginia",2007,"Female",74,1589145,4.7
"1907","Virginia",2007,"Male",227,1630223,13.9
"1908","Virginia",2008,"Female",83,1596355,5.2
"1909","Virginia",2008,"Male",275,1637356,16.8
"1910","Virginia",2009,"Female",66,1606893,4.1
"1911","Virginia",2009,"Male",259,1644370,15.8
"1912","Virginia",2010,"Female",57,1613856,3.5
"1913","Virginia",2010,"Male",274,1650928,16.6
"1914","Virginia",2011,"Female",85,1621065,5.2
"1915","Virginia",2011,"Male",280,1664772,16.8
"1916","Virginia",2012,"Female",82,1634659,5
"1917","Virginia",2012,"Male",303,1681496,18
"1918","Virginia",2013,"Female",94,1645913,5.7
"1919","Virginia",2013,"Male",308,1699090,18.1
"1920","Virginia",2014,"Female",83,1659881,5
"1921","Virginia",2014,"Male",322,1714094,18.8
"1922","Virginia",2015,"Female",81,1666890,4.9
"1923","Virginia",2015,"Male",336,1723674,19.5
"1924","Virginia",2016,"Female",113,1665620,6.8
"1925","Virginia",2016,"Male",343,1716920,20
"1926","Virginia",2017,"Female",95,1673768,5.7
"1927","Virginia",2017,"Male",372,1728150,21.5
"1928","Virginia",2018,"Female",98,1681680,5.8
"1929","Virginia",2018,"Male",380,1736718,21.9
"1930","Virginia",2019,"Female",93,1675710,5.5
"1931","Virginia",2019,"Male",368,1735066,21.2
"1932","Washington",1999,"Female",62,1255723,4.9
"1933","Washington",1999,"Male",285,1313008,21.7
"1934","Washington",2000,"Female",55,1259672,4.4
"1935","Washington",2000,"Male",247,1318397,18.7
"1936","Washington",2001,"Female",53,1267211,4.2
"1937","Washington",2001,"Male",221,1332165,16.6
"1938","Washington",2002,"Female",50,1273187,3.9
"1939","Washington",2002,"Male",239,1336848,17.9
"1940","Washington",2003,"Female",53,1273745,4.2
"1941","Washington",2003,"Male",242,1333939,18.1
"1942","Washington",2004,"Female",72,1279790,5.6
"1943","Washington",2004,"Male",241,1331929,18.1
"1944","Washington",2005,"Female",45,1285334,3.5
"1945","Washington",2005,"Male",244,1340174,18.2
"1946","Washington",2006,"Female",59,1301134,4.5
"1947","Washington",2006,"Male",239,1359321,17.6
"1948","Washington",2007,"Female",63,1312892,4.8
"1949","Washington",2007,"Male",229,1368230,16.7
"1950","Washington",2008,"Female",62,1326558,4.7
"1951","Washington",2008,"Male",256,1389456,18.4
"1952","Washington",2009,"Female",58,1339447,4.3
"1953","Washington",2009,"Male",265,1403934,18.9
"1954","Washington",2010,"Female",62,1342109,4.6
"1955","Washington",2010,"Male",291,1402152,20.8
"1956","Washington",2011,"Female",77,1349239,5.7
"1957","Washington",2011,"Male",288,1423247,20.2
"1958","Washington",2012,"Female",73,1358019,5.4
"1959","Washington",2012,"Male",309,1429283,21.6
"1960","Washington",2013,"Female",77,1367778,5.6
"1961","Washington",2013,"Male",311,1446761,21.5
"1962","Washington",2014,"Female",92,1385774,6.6
"1963","Washington",2014,"Male",317,1469865,21.6
"1964","Washington",2015,"Female",97,1409000,6.9
"1965","Washington",2015,"Male",332,1494681,22.2
"1966","Washington",2016,"Female",81,1433385,5.7
"1967","Washington",2016,"Male",363,1516802,23.9
"1968","Washington",2017,"Female",92,1461024,6.3
"1969","Washington",2017,"Male",416,1550548,26.8
"1970","Washington",2018,"Female",117,1492965,7.8
"1971","Washington",2018,"Male",362,1587650,22.8
"1972","Washington",2019,"Female",83,1508975,5.5
"1973","Washington",2019,"Male",378,1609526,23.5
"1974","West Virginia",1999,"Female",12,362244,3.3
"1975","West Virginia",1999,"Male",74,367011,20.2
"1976","West Virginia",2000,"Female",21,357775,5.9
"1977","West Virginia",2000,"Male",72,363004,19.8
"1978","West Virginia",2001,"Female",12,350850,3.4
"1979","West Virginia",2001,"Male",76,357923,21.2
"1980","West Virginia",2002,"Female",18,348379,5.2
"1981","West Virginia",2002,"Male",95,357020,26.6
"1982","West Virginia",2003,"Female",14,346294,4
"1983","West Virginia",2003,"Male",83,356601,23.3
"1984","West Virginia",2004,"Female",21,343857,6.1
"1985","West Virginia",2004,"Male",98,354219,27.7
"1986","West Virginia",2005,"Female",14,341200,4.1
"1987","West Virginia",2005,"Male",65,352584,18.4
"1988","West Virginia",2006,"Female",17,340213,5
"1989","West Virginia",2006,"Male",70,351512,19.9
"1990","West Virginia",2007,"Female",NA,338489,NA
"1991","West Virginia",2007,"Male",95,350211,27.1
"1992","West Virginia",2008,"Female",20,336911,5.9
"1993","West Virginia",2008,"Male",73,349024,20.9
"1994","West Virginia",2009,"Female",14,336506,4.2
"1995","West Virginia",2009,"Male",87,348770,24.9
"1996","West Virginia",2010,"Female",NA,335841,NA
"1997","West Virginia",2010,"Male",74,348334,21.2
"1998","West Virginia",2011,"Female",19,334504,5.7
"1999","West Virginia",2011,"Male",88,346923,25.4
"2000","West Virginia",2012,"Female",27,332760,8.1
"2001","West Virginia",2012,"Male",92,345149,26.7
"2002","West Virginia",2013,"Female",18,331785,5.4
"2003","West Virginia",2013,"Male",84,344328,24.4
"2004","West Virginia",2014,"Female",23,330503,7
"2005","West Virginia",2014,"Male",102,343036,29.7
"2006","West Virginia",2015,"Female",26,327744,7.9
"2007","West Virginia",2015,"Male",81,340588,23.8
"2008","West Virginia",2016,"Female",30,324009,9.3
"2009","West Virginia",2016,"Male",107,339155,31.5
"2010","West Virginia",2017,"Female",25,319153,7.8
"2011","West Virginia",2017,"Male",105,334987,31.3
"2012","West Virginia",2018,"Female",18,316188,5.7
"2013","West Virginia",2018,"Male",118,333113,35.4
"2014","West Virginia",2019,"Female",28,311598,9
"2015","West Virginia",2019,"Male",110,328867,33.4
"2016","Wisconsin",1999,"Female",50,1139550,4.4
"2017","Wisconsin",1999,"Male",214,1176946,18.2
"2018","Wisconsin",2000,"Female",46,1135074,4.1
"2019","Wisconsin",2000,"Male",236,1173910,20.1
"2020","Wisconsin",2001,"Female",45,1129181,4
"2021","Wisconsin",2001,"Male",219,1171454,18.7
"2022","Wisconsin",2002,"Female",43,1125529,3.8
"2023","Wisconsin",2002,"Male",222,1169638,19
"2024","Wisconsin",2003,"Female",41,1120236,3.7
"2025","Wisconsin",2003,"Male",222,1166988,19
"2026","Wisconsin",2004,"Female",66,1114378,5.9
"2027","Wisconsin",2004,"Male",227,1161718,19.5
"2028","Wisconsin",2005,"Female",55,1108771,5
"2029","Wisconsin",2005,"Male",225,1157330,19.4
"2030","Wisconsin",2006,"Female",54,1104497,4.9
"2031","Wisconsin",2006,"Male",201,1152432,17.4
"2032","Wisconsin",2007,"Female",58,1100647,5.3
"2033","Wisconsin",2007,"Male",227,1148431,19.8
"2034","Wisconsin",2008,"Female",44,1097900,4
"2035","Wisconsin",2008,"Male",219,1144137,19.1
"2036","Wisconsin",2009,"Female",54,1095676,4.9
"2037","Wisconsin",2009,"Male",207,1139931,18.2
"2038","Wisconsin",2010,"Female",50,1092690,4.6
"2039","Wisconsin",2010,"Male",237,1136020,20.9
"2040","Wisconsin",2011,"Female",69,1090506,6.3
"2041","Wisconsin",2011,"Male",236,1134292,20.8
"2042","Wisconsin",2012,"Female",69,1088802,6.3
"2043","Wisconsin",2012,"Male",220,1130719,19.5
"2044","Wisconsin",2013,"Female",52,1090812,4.8
"2045","Wisconsin",2013,"Male",250,1132700,22.1
"2046","Wisconsin",2014,"Female",70,1095410,6.4
"2047","Wisconsin",2014,"Male",232,1135889,20.4
"2048","Wisconsin",2015,"Female",75,1097113,6.8
"2049","Wisconsin",2015,"Male",249,1137374,21.9
"2050","Wisconsin",2016,"Female",71,1098449,6.5
"2051","Wisconsin",2016,"Male",284,1142795,24.9
"2052","Wisconsin",2017,"Female",76,1101236,6.9
"2053","Wisconsin",2017,"Male",271,1146407,23.6
"2054","Wisconsin",2018,"Female",62,1103343,5.6
"2055","Wisconsin",2018,"Male",286,1149518,24.9
"2056","Wisconsin",2019,"Female",67,1101465,6.1
"2057","Wisconsin",2019,"Male",256,1148189,22.3
"2058","Wyoming",1999,"Female",10,103110,9.7
"2059","Wyoming",1999,"Male",36,108670,33.1
"2060","Wyoming",2000,"Female",NA,102232,NA
"2061","Wyoming",2000,"Male",26,107838,24.1
"2062","Wyoming",2001,"Female",NA,100378,NA
"2063","Wyoming",2001,"Male",34,106784,31.8
"2064","Wyoming",2002,"Female",NA,100378,NA
"2065","Wyoming",2002,"Male",43,106995,40.2
"2066","Wyoming",2003,"Female",NA,99637,NA
"2067","Wyoming",2003,"Male",40,106844,37.4
"2068","Wyoming",2004,"Female",NA,100053,NA
"2069","Wyoming",2004,"Male",28,107680,26
"2070","Wyoming",2005,"Female",NA,100096,NA
"2071","Wyoming",2005,"Male",29,108028,26.8
"2072","Wyoming",2006,"Female",NA,101101,NA
"2073","Wyoming",2006,"Male",36,109493,32.9
"2074","Wyoming",2007,"Female",NA,103255,NA
"2075","Wyoming",2007,"Male",41,112213,36.5
"2076","Wyoming",2008,"Female",10,105285,9.5
"2077","Wyoming",2008,"Male",41,114490,35.8
"2078","Wyoming",2009,"Female",NA,107815,NA
"2079","Wyoming",2009,"Male",40,118140,33.9
"2080","Wyoming",2010,"Female",NA,108019,NA
"2081","Wyoming",2010,"Male",43,117906,36.5
"2082","Wyoming",2011,"Female",10,108456,9.2
"2083","Wyoming",2011,"Male",38,118473,32.1
"2084","Wyoming",2012,"Female",11,110198,10
"2085","Wyoming",2012,"Male",55,121109,45.4
"2086","Wyoming",2013,"Female",NA,111786,NA
"2087","Wyoming",2013,"Male",44,122756,35.8
"2088","Wyoming",2014,"Female",NA,112630,NA
"2089","Wyoming",2014,"Male",44,123428,35.6
"2090","Wyoming",2015,"Female",15,112883,13.3
"2091","Wyoming",2015,"Male",59,123363,47.8
"2092","Wyoming",2016,"Female",NA,112849,NA
"2093","Wyoming",2016,"Male",46,123104,37.4
"2094","Wyoming",2017,"Female",15,110582,13.6
"2095","Wyoming",2017,"Male",53,120493,44
"2096","Wyoming",2018,"Female",13,110446,11.8
"2097","Wyoming",2018,"Male",53,119873,44.2
"2098","Wyoming",2019,"Female",10,110526,9
"2099","Wyoming",2019,"Male",55,119683,46
"2100",NA,NA,NA,NA,NA,NA
"2101",NA,NA,NA,NA,NA,NA
"2102",NA,NA,NA,NA,NA,NA
"2103",NA,NA,NA,NA,NA,NA
"2104",NA,NA,NA,NA,NA,NA
"2105",NA,NA,NA,NA,NA,NA
"2106",NA,NA,NA,NA,NA,NA
"2107",NA,NA,NA,NA,NA,NA
"2108",NA,NA,NA,NA,NA,NA
"2109",NA,NA,NA,NA,NA,NA
"2110",NA,NA,NA,NA,NA,NA
"2111",NA,NA,NA,NA,NA,NA
"2112",NA,NA,NA,NA,NA,NA
"2113",NA,NA,NA,NA,NA,NA
"2114",NA,NA,NA,NA,NA,NA
"2115",NA,NA,NA,NA,NA,NA
"2116",NA,NA,NA,NA,NA,NA
"2117",NA,NA,NA,NA,NA,NA
"2118",NA,NA,NA,NA,NA,NA
"2119",NA,NA,NA,NA,NA,NA
"2120",NA,NA,NA,NA,NA,NA
"2121",NA,NA,NA,NA,NA,NA
"2122",NA,NA,NA,NA,NA,NA
"2123",NA,NA,NA,NA,NA,NA
"2124",NA,NA,NA,NA,NA,NA
"2125",NA,NA,NA,NA,NA,NA
"2126",NA,NA,NA,NA,NA,NA
"2127",NA,NA,NA,NA,NA,NA
"2128",NA,NA,NA,NA,NA,NA
"2129",NA,NA,NA,NA,NA,NA
"2130",NA,NA,NA,NA,NA,NA
"2131",NA,NA,NA,NA,NA,NA
"2132",NA,NA,NA,NA,NA,NA
"2133",NA,NA,NA,NA,NA,NA
"2134",NA,NA,NA,NA,NA,NA
"2135",NA,NA,NA,NA,NA,NA
"2136",NA,NA,NA,NA,NA,NA
"2137",NA,NA,NA,NA,NA,NA
"2138",NA,NA,NA,NA,NA,NA
"2139",NA,NA,NA,NA,NA,NA
"2140",NA,NA,NA,NA,NA,NA
"2141",NA,NA,NA,NA,NA,NA
"2142",NA,NA,NA,NA,NA,NA
"2143",NA,NA,NA,NA,NA,NA
"2144",NA,NA,NA,NA,NA,NA
"2145",NA,NA,NA,NA,NA,NA
"2146",NA,NA,NA,NA,NA,NA
"2147",NA,NA,NA,NA,NA,NA
"2148",NA,NA,NA,NA,NA,NA
"2149",NA,NA,NA,NA,NA,NA
"2150",NA,NA,NA,NA,NA,NA
"2151",NA,NA,NA,NA,NA,NA
"2152",NA,NA,NA,NA,NA,NA
"2153",NA,NA,NA,NA,NA,NA
"2154",NA,NA,NA,NA,NA,NA
"2155",NA,NA,NA,NA,NA,NA
"2156",NA,NA,NA,NA,NA,NA
"2157",NA,NA,NA,NA,NA,NA
"2158",NA,NA,NA,NA,NA,NA
"2159",NA,NA,NA,NA,NA,NA
"2160",NA,NA,NA,NA,NA,NA
"2161",NA,NA,NA,NA,NA,NA
"2162",NA,NA,NA,NA,NA,NA
"2163",NA,NA,NA,NA,NA,NA
"2164",NA,NA,NA,NA,NA,NA
"2165",NA,NA,NA,NA,NA,NA
"2166",NA,NA,NA,NA,NA,NA
"2167",NA,NA,NA,NA,NA,NA
"2168",NA,NA,NA,NA,NA,NA
"2169",NA,NA,NA,NA,NA,NA
"2170",NA,NA,NA,NA,NA,NA
"2171",NA,NA,NA,NA,NA,NA
"2172",NA,NA,NA,NA,NA,NA
"2173",NA,NA,NA,NA,NA,NA
"2174",NA,NA,NA,NA,NA,NA
"2175",NA,NA,NA,NA,NA,NA
"2176",NA,NA,NA,NA,NA,NA
